:020000040800F2
:10000000A89C00206102000845650008F141000835
:1000100041650008490B0008317C00080000000021
:10002000000000000000000000000000A101000826
:10003000970C000800000000FD010008FD7000089A
:100040007B0200087B0200087B0200087B0200089C
:100050007B0200087B0200087B0200087B0200088C
:100060007B0200087B020008B90C00084D0B000859
:100070007B0200085D0B00087B0200087B02000881
:100080007B0200086D0B0008890800087B0200084D
:100090007B0200087B0200087B020008C30C0008FA
:1000A0007B0200087B0200087B0200087B0200083C
:1000B0007B0200087B0200087B0200080542000862
:1000C000F54100087B0200087B0200087B02000863
:1000D0007B020008117C00087B020008217C0008DC
:1000E0007B0200087B0200087B0200087B020008FC
:1000F0007B020008DD7100087B0200087B0200081B
:100100007B0200087B0200087B0200087B020008DB
:10011000297500087B0200087B0200087B020008AA
:100120007D0B00087B0200087B0200087B020008B0
:100130007B0200087B0200087B0200087B020008AB
:100140007B0200087B0200087B0200087B0200089B
:100150007B0200087B0200087B0200087B0200088B
:100160007B0200087B0200087B0200087B0200087B
:100170007B0200087B0200087B02000800000000F0
:100180007B0200087B020008DFF810D000F0D0FAF4
:1001900000480047298A0008AFF30080A89C00208F
:1001A0002C4B19680868B0E8F04F80F30988BFF35A
:1001B0006F8F4FF0000080F311887047000000003F
:1001C00008480068006880F308884FF0000080F35A
:1001D000148862B661B6BFF34F8FBFF36F8F00DF35
:1001E00000BF00BF08ED00E0DFF80C00016841F43B
:1001F00070010160704700BF88ED00E0EFF30980F7
:10020000BFF36F8F134B1A681EF0100F08BF20ED5D
:10021000108A20E9F04F106009B44FF0500080F3CD
:100220001188BFF34F8FBFF36F8F0AF07BF84FF049
:10023000000080F3118809BC19680868B0E8F04F25
:100240001EF0100F08BFB0EC108A80F30988BFF3CE
:100250006F8F7047B4000020EFF3058070470000F7
:100260000648804706480047FEE7FEE7FEE7FEE750
:10027000FEE7FEE7FEE7FEE7FEE7FEE7C9710008DE
:10028000890100082DE9F05F0546002092469B4653
:1002900088460646814640241BE02846414647469C
:1002A000224600F094F853465A46C01A914110D3A2
:1002B00011461846224600F07BF82D1A67EB01081C
:1002C0004F4622460120002100F072F817EB00098A
:1002D0004E41201EA4F10104DFDC484631462A4687
:1002E0004346BDE8F09F40EA01039B0703D009E0C5
:1002F00008C9121F08C0042AFAD203E011F8013B12
:1003000000F8013B521EF9D27047D2B201E000F86A
:10031000012B491EFBD270470022F6E710B51346A9
:100320000A4604461946FFF7F0FF204610BD00F0CC
:10033000004230F000400AD0C10D01F56071C0F3F9
:10034000160042EA0151C2084007114370470020DD
:100350000146704730B5041E71F1000404DB4FF014
:100360000044404264EB0101141E73F1000405DBFC
:100370001C464FF00043524263EB0403994208BF0E
:10038000904230BD30B50B460146002020220124AA
:1003900009E021FA02F59D4205D303FA02F5491B53
:1003A00004FA02F52844151EA2F10102F1DC30BD69
:1003B000202A04DB203A00FA02F100207047914025
:1003C000C2F1200320FA03F3194390407047202A1A
:1003D00004DB203A21FA02F00021704721FA02F3EF
:1003E000D040C2F1200291400843194670472DE9E0
:1003F000FE4F804681EA0300C00F0C46009021F0BA
:10040000004123F00045B8EB0200A94105D2404667
:10041000214690461C460B46024623F000401043FE
:1004200047D0270DC7F30A00C3F30A510290401AC0
:10043000019040286BDAC3F3130040F4801B00984E
:10044000924620B10023D2EB030A63EB0B0B019819
:100450005946C0F140025046FFF7AAFF06460D4636
:1004600050465946019A00F075F910EB08006141B9
:10047000002487EA115284EAE7731A4340D0009AB5
:1004800062B3019A012A4FEA075215DC001B61EBA7
:1004900002014FF0004202EA0752CDE90042001C7F
:1004A00041F5801132462B4600F075F903B0BDE8E6
:1004B000F08F40462146F9E7001B61EB0201001C6A
:1004C00041F5801300185B412018A2F5001747EB97
:1004D000030140EAD570B6196D4111E06D084FEA8D
:1004E000360645EAC0754FEA0752001B61EB020170
:1004F000001C41F5801149084FEA300000195141B4
:1005000032462B4603B0BDE8F04F00F035B90098F5
:10051000012240000023D0EB020263EBE07300985D
:1005200021464FEAE074B8EB000061EB0401E9E713
:1005300083F000435BE781F0004158E72DE9FE4F6F
:1005400081EA030404F0004421F0004100944FF0DC
:10055000000B23F0004350EA01045ED052EA03048A
:100560005BD0C3F30A54C1F30A552C44A4F2F3340C
:100570000194A0FB0254C1F3130141F48011C3F3B1
:10058000130343F4801301FB024400FB034E840A6F
:10059000970A44EA815447EA8357A4FB0768029507
:1005A0008D0A05FB07854FEA932C04FB0C542705A5
:1005B000029D4FEA065847EA1637B5EB08056EEB81
:1005C000070C870E920E47EA811742EA8312A7FBB7
:1005D0000201B6EB0B0164EB00042B0D43EA0C3374
:1005E0005E1844EB1C50DA465146E7FB0201C5F3A6
:1005F00013044FEA0B3343EA14534FEA0432019CCD
:1006000043EA0603A4F10C040294009CCDE900B473
:1006100000F0C1F803B0BDE8F08F00200146F9E713
:100620002DE9F04D81EA030404F0004B21F0004570
:1006300014464FF0000A23F0004150EA050220D092
:1006400054EA01021DD0C5F30A570246C5F313034D
:10065000C1F31300C1F30A5640F4801543F480132C
:10066000A7EB0608101BD64608F2FD3873EB050011
:1006700002D308F1010801E092185B41B8F1000FC4
:1006800003DA00200146BDE8F08D00204FF4801110
:10069000064684460EE0171B73EB050705D3121BB5
:1006A00063EB050306434CEA010C49084FEA3000AE
:1006B00092185B4150EA0107EDD152EA030012D0D3
:1006C00082EA040083EA0501084305D0101BAB4110
:1006D00006D20122002306E000224FF0004302E090
:1006E0006FF0010253101AEB06004CEB085110EBAF
:1006F0000A0041EB0B01BDE8F04D00F03DB8C1F33D
:100700000A52C1F3130140F2FF3341F480119A42BF
:1007100002DA00200146704740F233439A42A2F2C7
:10072000334202DC5242FFF752BEFFF741BE0000E7
:10073000064C074D06E0E06840F0010394E807002E
:1007400098471034AC42F6D3FFF722FDFCCF0008E7
:100750001CD00008202A06DBCB17203A41FA02F011
:1007600043EAE07306E041FA02F3D040C2F120020E
:10077000914008431946704710B5141E73F10004E8
:1007800008DA401C41F1000192185B411A4301D183
:1007900020F0010010BD2DE9F04D92469B4611B1AD
:1007A000B1FA81F202E0B0FA80F220329046FFF70F
:1007B000FFFD04460F4640EA0A0041EA0B0153469A
:1007C0005A46084313D0114653EA010019D0C8F124
:1007D00040025046FFF7FBFD05460E46504659467F
:1007E0004246FFF7E5FD084305D0012004E020461E
:1007F0003946BDE8F08D0020054346EAE0762C43FB
:1008000037430A986305E40AA0EB08000022FD0ABA
:1008100044EA47540A3002D500200146E9E70105C1
:1008200010196941DDE9084500196941BDE8F04D3D
:10083000A2E770B58C1810F8015B15F0070301D121
:1008400010F8013B2A1106D110F8012B03E010F833
:10085000016B01F8016B5B1EF9D12B0705D4002356
:10086000521E0DD401F8013BFAE710F8013BCB1AF8
:10087000921C03E013F8015B01F8015B521EF9D5ED
:10088000A142D8D3002070BD10B5024800F0F0FAA4
:1008900010BD00006C06002055494A6822F4403221
:1008A0004A604A6843681A434A600268526822F400
:1008B000807203685A6002685368026943EA022240
:1008C00003685A600268526822F0407203685A60F6
:1008D0000268526883681A4303685A600268926823
:1008E00022F4006203689A6002689268C3681A433F
:1008F00003689A603F4B826A9A4218D002689268F5
:1009000022F0706203689A6002689268836A1A43F0
:1009100003689A600268926822F0405203689A6005
:1009200002689268C36A1A4303689A600BE002681F
:10093000926822F0706203689A600268926822F0FE
:10094000405203689A600268926822F002020368CB
:100950009A6002689368027E43EA420203689A60E2
:100960002022125CA2B10268526842F4006203685D
:100970005A600268526822F4604203685A60026852
:100980005368426A521E43EA423203685A6005E0E5
:100990000268526822F4006203685A600268D26AF0
:1009A00022F470020368DA620268D36A828B521EF4
:1009B00043EA02520368DA620268926822F4007223
:1009C00003689A600268936890F8302043EA4222F4
:1009D00003689A600268926822F4806203689A60F1
:1009E00002689368426943EA822203689A6070470A
:1009F000002301400100000F00B587B0142102A8B8
:100A0000FFF78AFC00BF002001902E48006840F0EC
:100A100004002C4908600846006800F004000190BA
:100A200000BF00BF00BF002001900846006840F0F2
:100A3000080008600846006800F00800019000BF48
:100A400000BF88140290012003900020049002202F
:100A5000059002A91C4800F0DDFE012002900390E1
:100A6000002004900220059002A9184800F0D2FE50
:100A700002200290012003900020049002200590A3
:100A800002A9124800F0C6FE042002900020039044
:100A9000012004900220059002A90C4800F0BAFE43
:100AA00001221103084800F0B7FF01220221074884
:100AB00000F0B2FF01221146044800F0ADFF07B07C
:100AC00000BD00003038024000080240000C024027
:100AD00070B5044600224FF48051184800F09CFF86
:100AE00000250AE01649485D05F09CFF1549485568
:100AF000102000F0D1F8681CC5B2092DF2DB0122EC
:100B000011030E4800F088FFB4B10E484078207001
:100B10000C48C078C04360700A480079C043A07098
:100B200008484079E0700748807920710548C0790D
:100B300060710448007AA07170BD00000008024096
:100B4000A8CD0008D405002000BFFEE710B502487C
:100B500000F060FC10BD00004408002010B5024801
:100B600000F058FC10BD00002C0B002010B502480E
:100B700000F050FC10BD0000E407002010B5024852
:100B800000F048FC10BD0000B406002001460878C3
:100B900010381823B0FBF3F20848805CC865032ABC
:100BA00005D908686FF30900001D886503E008682F
:100BB0006FF309008865886D704700003CCF00081E
:100BC000014600208A6A8B69CBB932B1012A0DD067
:100BD000022A03D0032A10D10EE000BFCB6A03F033
:100BE0008073B3F1807F00D1012007E0CB6AB3F1BD
:100BF000C07F00D1012001E000E000BF34E08B693C
:100C0000B3F5005F1AD132B1012A07D0022A03D00E
:100C1000032A11D10AE000BF01200EE0CB6A03F0E5
:100C20008073B3F1807F00D1012006E0CB6AB3F17D
:100C3000C07F00D1012000E000BF15E032B1012AE1
:100C400005D0022A04D0032A0CD103E000BF00BF64
:100C5000012008E0CB6A03F08073B3F1807F00D1FC
:100C6000012000E000BF00BF704730B50468246871
:100C700024F4802405682C60046863608468402C38
:100C800004D10468A2600468E16003E00468A16024
:100C90000468E26030BD704708B508E000210091AB
:100CA00002E00099491C009100991529F9D3011E11
:100CB000A0F10100F2D108BD10B5102000F09CFD9C
:100CC00010BD10B5202000F097FD402000F094FDED
:100CD000802000F091FD10BD72B600BFFEE77047A6
:100CE00038B502460020009000BF92F83C00012871
:100CF00001D1022038BD012082F83C0000BF086805
:100D0000092816D91068C0680C780A3C04EB440521
:100D10000724AC40A0431468E0600C780A3C04EB64
:100D200044048868A0401468E46820431468E060C4
:100D300013E0106800690C7804EB44050724AC400C
:100D4000A043146820610C7804EB44048868A04038
:100D5000146824692043146820614868072817D262
:100D60001068406B0C79641E04EB84051F24AC40B2
:100D7000A04314686063088880B20C79641E04EB99
:100D80008404A0401468646B20431468606331E0FD
:100D900048680D2817D21068006B0C79E41F04EB2B
:100DA00084051F24AC40A04314682063088880B2E7
:100DB0000C79E41F04EB8404A0401468246B2043E6
:100DC0001468206316E01068C06A0C790D3C04EBCF
:100DD00084051F24AC40A0431468E062088880B2F8
:100DE0000C790D3C04EB8404A0401468E46A2043B1
:100DF0001468E062194B1A4C1068A04206D10868CA
:100E0000122803D1586840F480005860144C1068D0
:100E1000A0421CD10868102802D00868112816D1F9
:100E2000586840F400005860086810280FD10D4839
:100E300000680D4CB0FBF4F000EB80004000009027
:100E400002E00098401E009000980028F9D100BFF1
:100E5000002082F83C0000BF00BF4BE700230140A8
:100E600000200140B000002040420F007047704752
:100E70002DE9F04104460025002620680768206817
:100E8000D0F8048007F0020508F0200695B38EB371
:100E9000206C00F0100018B9206C40F40070206441
:100EA0002068806800F04050E8B9207ED8B92068FA
:100EB000C06A00F4700020B12068806800F480608F
:100EC00088B92068406820F0200021684860206CC4
:100ED00020F480702064206C00F4805018B9206CDD
:100EE00040F0010020642046FFF7C0FF6FF01200C1
:100EF0002168086007F0040508F08006E5B3DEB35A
:100F0000206C00F0100018B9206C40F400502064F0
:100F10002068806800F4401038BB2068806B00F4C3
:100F2000401020B12068806800F48060E8B9206833
:100F3000406800F48060C0B92068806800F04050CC
:100F400098B9207E88B92068406820F08000216828
:100F50004860206C20F480502064206C00F4807085
:100F600018B9206C40F0010020642046FFF7B7FE5E
:100F70006FF00C002168086007F0010508F04006DA
:100F800085B17EB12068006800F0010050B1206C8E
:100F900040F480302064204600F050F86FF00100EB
:100FA0002168086007F0200508F080667DB176B101
:100FB000606C40F0020060646FF0200021680860FF
:100FC0002046FFF754FF6FF0200021680860BDE85D
:100FD000F081000070B5044600250CB9012070BDF9
:100FE0001549A06A884200D000BF206C30B9204665
:100FF00000F026F80020606484F83C00206C00F0CB
:10100000100088B9206C20F4885040F00200206461
:101010002046FFF741FC00206064206C20F00200B5
:1010200040F00100206400E0012500BF002084F8AA
:101030003C0000BF2846D2E70100000F70470000C7
:1010400010B586B00446142101A8FFF765F92C49B4
:101050002068884252D100BF0020009029480068D3
:1010600040F48070274908600846006800F48070EA
:10107000009000BF00BF00BF00200090214814383E
:10108000006840F004001F491439086008460068F1
:1010900000F00400009000BF00BF01200190032079
:1010A00002900020039001A9174800F0B3FB1748F5
:1010B0001749086000204860002115488160C16020
:1010C0004FF480610161890041618900816189116A
:1010D000C16100210162416200F0BCFA08B1FFF772
:1010E000FBFD00BF0A48A063846300BF0022052106
:1010F000122001F025FB122001F00EFB06B010BDFE
:1011000000200140443802400008024010640240C0
:10111000B406002070B504460CB9012070BD94F8E7
:10112000200010B9204600F0AFF82068006840F0B9
:1011300001002168086000F075FC05460DE000F034
:1011400071FC401B0A2808D9606A40F400306062D4
:10115000052084F820000120E0E72068406800F0C6
:1011600001000028EBD02068006820F00200216810
:10117000086000F057FC05460DE000F053FC401BF2
:101180000A2808D9606A40F400306062052084F8BB
:1011900020000120C2E72068406800F0020000281B
:1011A000EBD1207E012806D12068006840F0800045
:1011B0002168086005E02068006820F08000216850
:1011C0000860607E012806D12068006840F0400079
:1011D0002168086005E02068006820F04000216870
:1011E0000860A07E012806D12068006840F0200039
:1011F0002168086005E02068006820F02000216870
:101200000860E07E012806D12068006820F0100008
:101210002168086005E02068006840F0100021683F
:101220000860207F012806D12068006840F008008F
:101230002168086005E02068006820F00800216847
:101240000860607F012806D12068006840F0040033
:101250002168086005E02068006820F0040021682B
:101260000860D4E902010843216908436169084321
:101270006168491E08432168C8610020606201203E
:1012800084F82000002049E710B586B004461421F8
:1012900001A8FFF741F82349206888423FD100BFE9
:1012A000002000902048006840F080601E490860DF
:1012B0000846006800F08060009000BF00BF00BFDB
:1012C000002000900846006840F000700860084662
:1012D000006800F00070009000BF00BF00BF002059
:1012E000009011481038006840F002000E49103993
:1012F00008600846006800F00200009000BF00BFD0
:101300004FF44050019002200290002003900320EF
:1013100004900920059001A9044800F07BFA06B06A
:1013200010BD000000680040403802400004024048
:1013300070B50446A56D00F075FB064694F83500BF
:10134000022808D08020606500BF002084F83400A7
:1013500000BF012070BD2068006820F016002168E1
:1013600008602068406920F0800021684861206C96
:1013700008B9A06C28B12068006820F00800216836
:1013800008602068006820F001002168086010E013
:1013900000F048FB801B05280BD920206065032046
:1013A00084F8350000BF002084F8340000BF03201B
:1013B000D0E72068006800F001000028E8D194F828
:1013C0005C103F208840A860012084F8350000BFF1
:1013D000002084F8340000BF00BFBBE7014691F84D
:1013E0003500022803D08020486501207047052081
:1013F00081F835000868006820F001000A68106074
:101400000020F3E70146486D7047014691F835002A
:1014100070470000F8B50446002000908C48006832
:101420004FF41651B0FBF1F7A56D2E6894F85C10DF
:1014300008208840304098B12068006800F004001F
:1014400070B12068006820F004002168086094F8FA
:101450005C1008208840A860606D40F00100606565
:1014600094F85C1001208840304068B120684069E1
:1014700000F0800040B194F85C1001208840A86022
:10148000606D40F00200606594F85C1004208840B4
:10149000304068B12068006800F0020040B194F864
:1014A0005C1004208840A860606D40F00400606516
:1014B00094F85C1010208840304078B320680068B1
:1014C00000F0080050B394F85C1010208840A86029
:1014D0002068006800F4802080B12068006800F473
:1014E000002028B9206CC8B12046216C884715E03F
:1014F000A06C98B12046A16C88470FE02068006876
:1015000000F4807028B92068006820F00800216885
:101510000860206C10B12046216C884794F85C105C
:10152000202088403040002865D02068006800F006
:10153000100000285FD094F85C1020208840A8603C
:1015400094F83500052828D12068006820F016009E
:10155000216808602068406920F0800021684861A7
:10156000206C08B9A06C28B12068006820F0080041
:101570002168086094F85C103F208840A860012032
:1015800084F8350000BF002084F8340000BF206DCF
:1015900010B12046216D8847F8BD2068006800F42E
:1015A000802080B12068006800F4002028B9606CB9
:1015B00010B12046616C88471DE0E06BD8B1204631
:1015C000E16B884717E02068006800F4807068B914
:1015D0002068006820F0100021680860012084F86D
:1015E000350000BF002084F8340000BFE06B10B16C
:1015F0002046E16B8847606D38B3606D00F00100F4
:10160000F0B1052084F835002068006820F0010062
:101610002168086000BF0098401C0090B84200D9C3
:1016200005E02068006800F001000028F3D100BF49
:10163000012084F8350000BF002084F8340000BF8A
:10164000E06C10B12046E16C884700BFA4E70000C1
:10165000B00000202DE9F0410446002500F0E2F939
:10166000074614B90120BDE8F081606A00B100BFEF
:10167000022084F8350000BF002084F8340000BF49
:101680002068006820F00100216808600AE000F08E
:10169000C9F9C01B052805D920206065032084F8FE
:1016A0003500E0E72068006800F001000028EED176
:1016B0002068056821480540D4E901010843E16834
:1016C00008432169084361690843A1690843E16946
:1016D0000843216A08430543606A042803D1D4E91A
:1016E0000B0108430543206805602068456925F023
:1016F0000705606A0543606A04280DD1A06A0543A6
:10170000E06A48B12046FFF75BFA28B140206065E7
:10171000012084F83500A6E7206845612046FFF7E0
:1017200035FA064694F85C103F208840B0600020EF
:101730006065012084F83500002094E73F8010F0B8
:101740002DE9F04704460D4616461F464FF00008A7
:10175000D4F8589000BF94F83400012802D1022038
:10176000BDE8F087012084F8340000BF94F835000C
:10177000012825D1022084F83500002060653B4611
:10178000324629462046FFF770FA94F85C103F2055
:101790008840C9F808002068006840F016002168F9
:1017A0000860206C28B12068006840F008002168BB
:1017B00008602068006840F001002168086006E0C9
:1017C00000BF002084F8340000BF4FF002084046FC
:1017D000C6E7000070B5054600F024F90446054848
:1017E0000068201AC82800D270BD00BF00BF00BF2B
:1017F000FAE700005400002010B5044604480068D1
:10180000204020B1024804602046FFF7E3FF10BDEE
:10181000143C0140F8B502460B4600250024002088
:101820000021D6E0012606FA01F51E6806EA050445
:10183000AC4274D11E7906F00306012E04D01E7945
:1018400006F00306022E13D190684F000326BE4017
:10185000B0434F00DE68BE403043906050680126C0
:101860008E40B0431E79C6F300168E403043506060
:101870001E7906F00306032E09D0D0684F00032618
:10188000BE40B0434F009E68BE403043D0601E79DA
:1018900006F00306022E13D1CF0802F1200656F8F7
:1018A00027004E07F70E0F26BE40B0434F07FF0E2E
:1018B0001E69BE403043CF0802F1200646F82700DB
:1018C00010684F000326BE40B0431E7906F00306A1
:1018D0004F00BE40304310605E6806F44036002E74
:1018E00076D000BF002600963C4E366846F480460F
:1018F0003A4F3E603E46366806F48046009600BF8A
:1019000000BF374E8F0856F827008E07370F0F2677
:10191000BE40B043334EB24202D1002624E057E02D
:10192000314EB24201D101261EE0304EB24201D109
:10193000022619E02E4EB24201D1032614E02D4EAC
:10194000B24201D104260FE02B4EB24201D105264E
:101950000AE02A4EB24201D1062605E0284EB242E4
:1019600001D1072600E008268F073F0FBE40304315
:101970001B4E8F0846F82700224E3068A0435E6851
:1019800006F4801606B120431E4E3060361D3068C6
:10199000A0435E6806F4001606B12043194E361DBA
:1019A0003060184E361F3068A0435E6806F400367B
:1019B00006B12043134E361F3060361F3068A043F7
:1019C0005E6806F4803606B120430E4E083E306055
:1019D000491C1029FFF426AFF8BD0000443802402E
:1019E00008380140000002400004024000080240A4
:1019F000000C024000100240001402400018024097
:101A0000001C0240083C0140024613690B400BB128
:101A1000012000E0002070470AB1816101E00B0461
:101A2000836170470148006870470000A4000020EF
:101A3000704770472DE9F84F0446206847692068D1
:101A4000D0F80480002594F83E90C7F3002040B100
:101A5000C8F3002028B145F001056FF480702168BB
:101A60004861C7F3402040B1C8F3002028B145F0D9
:101A700002056FF4007021684861C7F3802070B3DD
:101A8000C8F3002058B3CA46B4F82AB094F83D60B1
:101A9000206B0090BAF1200F0FD1BBF1000F0CD1D9
:101AA000212E06D0292E04D0282E06D100982128D8
:101AB00003D1204603F0E8FB11E06FF48060216859
:101AC000486145F00405B9F1100F02D0B9F1400F9B
:101AD00005D12068006840F4007021680860C7F3F1
:101AE000C02040B1C8F3002028B145F008056FF4CC
:101AF0000060216848612DB1206C28432064204695
:101B000002F0E2FCBDE8F88F2DE9F04705464FF002
:101B1000000928684668D5F82CA095F83E7095F81D
:101B20003D80102F01D0402F75D12868D0F8189033
:101B30002868446904F0010060B9BAF52A0F02D0A0
:101B4000BAF12A4F01D1012000E00020012801D183
:101B5000BDE8F08704F0010048B1C6F3402030B181
:101B6000284602F057FB284603F023F9B7E0C4F3F8
:101B7000C00030B1C6F3402018B1284602F0D0FFB3
:101B8000ADE0C4F3400030B1C6F3402018B12846A0
:101B900002F0DBFFA3E0C9F3800040B3286840688F
:101BA00000F40060B0F5006FE0D0C4F3C01048B19D
:101BB000C6F3802030B1C4F3800018B9284602F083
:101BC00043FF8CE0C4F380000028CFD0C6F3402050
:101BD0000028CBD0B8F1210F03D1284602F0E4FE53
:101BE0007DE0402F7BD1284603F032F977E028686A
:101BF000406800F40060B0F5006F70D0C4F380104E
:101C000050B1C6F3802038B1C4F3800020B9284613
:101C100002F0E7FD63E00BE0C4F3800000285ED033
:101C2000C6F3402000285AD0284602F042FD56E074
:101C3000286C10B12868446904E02868D0F818902E
:101C400028684469C4F3400060B1C6F3402048B13D
:101C5000286C10B12868D0F818904946284603F03F
:101C6000DBFA3CE0C4F3001030B1C6F3402018B1F9
:101C7000284603F05DFB32E0B8F1210F02D0B8F145
:101C8000290F16D1C4F3C01048B1C6F3802030B17B
:101C9000C4F3800018B9284603F09BFA1FE0C4F390
:101CA0008000E0B1C6F34020C8B1284603F084FAB2
:101CB00015E0C4F3801048B1C6F3802030B1C4F3FE
:101CC000800018B9284603F054FA08E0C4F38000F5
:101CD00028B1C6F3402010B1284603F03DFA00BFFA
:101CE00036E7704770B504460CB9012070BD94F812
:101CF0003D0028B9002084F83C00204600F088FB15
:101D0000242084F83D002068006820F0010021684C
:101D100008602068006840F400402168086020687E
:101D2000006820F400402168086000F045FE054688
:101D30005C496068884206D85B48854201D2012030
:101D400007E0002005E05948854201D2012000E06B
:101D50000020012800D1C9E75548B5FBF0F62068FE
:101D6000406820F03F003043216848604D4960687A
:101D7000884201D8701C07E04FF4967070434FF40E
:101D80007A71B0FBF1F0401C2168096A21F03F0133
:101D900008432168086243496068884214D8681E75
:101DA00061684900B0FBF1F0401CC0F30B0004284F
:101DB00001D204203DE0681E61684900B0FBF1F0EB
:101DC000401CC0F30B0034E0A06838B9681E61689D
:101DD00001EB4101B0FBF1F0401C0AE0681E6168B4
:101DE00001EBC10202EB0111B0FBF1F0401C40F429
:101DF0008040C0F30B0008B901201AE0A06848B980
:101E0000681E616801EB4101B0FBF1F0401CC0F3BA
:101E10000B000CE0681E616801EBC10202EB0111CE
:101E2000B0FBF1F0401CC0F30B0040F4804040F4E4
:101E300000402168C9694CF6FF729143084321684C
:101E4000C861D4E9070108432168096821F0C0018D
:101E5000084321680860D4E90310084321688968B1
:101E600048F2FF329143084321688860D4E90501B4
:101E700008432168C96821F0FF0108432168C86050
:101E80002068006840F0010021680860002020649C
:101E9000202084F83D000020206384F83E0000BF2D
:101EA00024E70000A086010080841E0000093D0098
:101EB00040420F0070477047704700002DE9F8431B
:101EC0000446894616461F46DDF82080FFF7AAFD26
:101ED000054694F83D0020287ED11923012251495E
:101EE0002046009503F01DFB10B10220BDE8F883E9
:101EF00000BF94F83C00012801D10220F6E7012040
:101F000084F83C0000BF2068006800F0010028B998
:101F10002068006840F001002168086020680068BF
:101F200020F4006021680860212084F83D00102022
:101F300084F83E000020206466626785608D2085FD
:101F40003948E0622B4642464946204602F0CCFC26
:101F500008B10120CAE700BF002000902068406956
:101F6000009020688069009000BF00BF44E02A46CE
:101F70004146204603F0DAFB50B1206C042805D11D
:101F80002068006840F40070216808600120ADE717
:101F9000606A007821680861606A401C6062608D38
:101FA000401E6085208D401E208520684069C0F35A
:101FB000800070B1208D60B1606A0078216808618E
:101FC000606A401C6062608D401E6085208D401EEE
:101FD00020852A46414600E022E0204603F06EFAC2
:101FE00050B1206C042805D12068006840F40070CE
:101FF00021680860012079E7208D0028B7D120688A
:10200000006840F4007021680860202084F83D00DA
:10201000002084F83E0000BF84F83C0000BF65E764
:10202000022063E7020010000000FFFF034A01687E
:10203000914202D10121024A1170704700540040C0
:1020400047000020704700002DE9FE4F04460E4671
:1020500017469846DDE90CABFFF7E4FC814600200B
:10206000029094F83D00202879D18C48006819210D
:10207000B0FBF1F04FF47A71B0FBF1F000EBC0016E
:1020800001EB0010029000BF0298401E02900298DF
:1020900070B900202063202084F83D00002084F8DF
:1020A0003E00206C40F0200020640220BDE8FE8F3E
:1020B00020688069C0F340000028E5D100BF94F893
:1020C0003C00012801D10220F0E7012084F83C0007
:1020D00000BF2068006800F0010028B9206800688F
:1020E00040F00100216808602068006820F400606A
:1020F00021680860222084F83D00402084F83E00DA
:1021000000202064C4F824A0A4F82AB0608D2085A3
:102110006348E0626664A764C4F84C8000202065D0
:10212000208D00287ED0A06BD0B15E48A16BC86323
:102130005D48A16BC8640020A16B0864A16B486472
:10214000A16B8864A16B0865238DD4F800C00CF1E5
:102150001001626AA06BFFF7F3FA054611E09AE0FE
:10216000202084F83D00002084F83E00206C40F0E0
:102170008000206400BF002084F83C0000BF0120E4
:1021800094E7002D4FD1232043463A463146CDE90E
:102190000009204602F0C0FEB8B1A06BFFF71EF99F
:1021A00005460020A16BC8632068006820F48060A9
:1021B000216808600020208560852068006820F084
:1021C000010021680860012070E7208D012806D1F8
:1021D0002068006820F480602168086005E02068BD
:1021E000406840F480502168486000BF00200190A2
:1021F00020684069019020688069019000BF00BF9D
:1022000000BF002084F83C0000BF2068406840F414
:102210008070216848602068406840F40060216850
:10222000486036E010E0202084F83D00002084F86B
:102230003E00206C40F01000206400BF002084F8B5
:102240003C0000BF012031E7232043463A46314697
:10225000CDE90009204602F05FFE08B1012025E724
:1022600000BF0020019020684069019020688069CB
:10227000019000BF00BF2068006840F40070216832
:102280000860202084F83D0000BF002084F83C0056
:1022900000BF00200AE7022008E70000B00000208D
:1022A0000000FFFF79430008294300082DE9FC5F87
:1022B00004460F4690469946DDE90CAB0E9EFFF7AB
:1022C000B1FB054694F83D0020287DD11923012259
:1022D0004D492046009503F024F910B10220BDE8D5
:1022E000FC9F00BF94F83C00012801D10220F6E7D2
:1022F000012084F83C0000BF2068006800F0010065
:1023000028B92068006840F0010021680860206852
:10231000006820F4006021680860212084F83D00F6
:10232000402084F83E0000202064C4F824A0A4F8D3
:102330002AB0608D20853548E0624B4642463946DA
:102340002046CDE9006502F097FE08B10120C6E7FE
:1023500031E02A463146204603F0E8F950B1206CBE
:10236000042805D12068006840F4007021680860E6
:102370000120B4E7606A007821680861606A401C47
:102380006062208D401E2085608D401E6085206823
:102390004069C0F3800070B1208D60B1606A007840
:1023A00021680861606A401C6062208D401E2085A3
:1023B000608D401E6085208D0028CAD12A46314696
:1023C000204603F07BF800E01CE050B1206C0428AC
:1023D00005D12068006840F4007021680860012081
:1023E0007DE72068006840F40070216808602020C4
:1023F00084F83D00002084F83E0000BF84F83C00D3
:1024000000BF6CE702206AE7020010000000FFFF37
:1024100010B586B00446142101A8FDF77DFF5F4981
:10242000206888427ED100BF002000905C48006890
:1024300040F002005A4908600846006800F00200B7
:10244000009000BF00BFC020019012200290002029
:102450000390032004900420059001A95148FFF740
:10246000D9F900BF002000904D481030006840F4BA
:1024700000104B49103108600846006800F4001055
:10248000009000BF00BF4848484908604FF0007006
:1024900048604021454881600021C1604FF480615F
:1024A0000161002141618161C1614FF4003101622C
:1024B00000214162FFF7CEF808B1FEF70DFC00BF26
:1024C0003A486063846300BF3748903838490860F1
:1024D00040054860002136488160C1604FF480614A
:1024E0000161002141618161C1614FF400310162EC
:1024F00000214162FFF7AEF808B1FEF7EDFB00BF27
:102500002B48A063846300BF002205211F2000F038
:1025100017F91F2000F000F900220521202000F00B
:102520000FF900E003E0202000F0F6F834E0214944
:102530002068884230D100BF002000901848006811
:1025400040F00200164908600846006800F00200EA
:10255000009000BF00BF4FF4406001901220029035
:1025600000200390032004900420059001A90D4849
:10257000FFF750F900BF00200090094810300068B4
:1025800040F480000649103108600846006800F4F5
:102590008000009000BF00BF06B010BD0054004096
:1025A0003038024000040240A0600240E4070020EE
:1025B00044080020005800407047704703480068F6
:1025C000034909780844014908607047A4000020C5
:1025D000AC00002010B50D48006840F400700B49B5
:1025E00008600846006840F480600860084600689B
:1025F00040F480700860032000F0E0F80F2000F045
:1026000007F800F05FF8002010BD0000003C024019
:102610002DE9F04188B004460027B84600BF0020ED
:1026200001902348006840F4807021490860084602
:10263000006800F48070019000BF00BF02A903A8E9
:1026400000F092F9069F1FB900F0B6F9054602E0C6
:1026500000F0B2F945001748B5FBF0F0A0F1010811
:1026600015481649086040F2E7311448C160C0F8C7
:102670000480002101618160816100F0F9FC06465F
:1026800096B90E4800F058FD06466EB92D2000F0B0
:1026900043F8102C07D2002221462D2000F050F8DC
:1026A0000748046000E00126304608B0BDE8F0812C
:1026B0004038024040420F00002000408C0B0020B8
:1026C000A800002008B500BF002000901148006855
:1026D00040F480400F4908600846006800F48040DC
:1026E000009000BF00BF00BF00200090081F0068DE
:1026F00040F08050091F08600846006800F08050D4
:10270000009000BF00BF00220F21901E00F018F8BB
:1027100008BD0000443802400146084600280DDB91
:1027200000BF00BF00F01F0301229A4043099B0035
:1027300003F1E023C3F8002100BF00BF00BF7047D2
:102740002DE9F05F80460D461646002705F0AAFAEF
:10275000074639462A46334601F00700C0F1070A0A
:10276000BAF1040F02D94FF0040A01E0C0F1070AE0
:10277000D14600F1040ABAF1070F02D24FF0000A65
:1027800001E0A0F1030AD4464FF0010A0AFA09FA5F
:10279000AAF1010A0AEA020A0AFA0CFA4FF0010B3E
:1027A0000BFA0CFBABF1010B0BEA030B4AEA0B042F
:1027B0002146404605F07EFABDE8F09F00BF00F0DC
:1027C0000702064B19684FF6FF031940044B0B43F1
:1027D00043EA0221014B196000BF70470CED00E095
:1027E0000000FA0570B504460D460CB9012070BD15
:1027F0005848006800F00700A84209D255490D70FA
:102800000846006800F00700A84201D00120EEE76A
:10281000207800F0020002281DD1207800F004008A
:10282000042805D14C48006840F4E0504A4908604B
:10283000207800F00800082805D14748006840F4D7
:102840006040454908604448006820F0F000A168F5
:10285000084341490860207800F00100A8B360688F
:10286000012807D13C4808380068C0F34040B8B997
:102870000120BCE76068022802D06068032807D105
:10288000354808380068C0F3406048B90120AEE719
:10289000314808380068C0F3400008B90120A6E7B5
:1028A0002D48006820F00300616808432A49086049
:1028B000FFF7B8F8064609E0FFF7B4F8801B41F2CD
:1028C0008831884202D9032091E707E02248006856
:1028D00000F00C006168B0EB810FEDD11D4800687D
:1028E00000F00700A84209D91A490D70084600688F
:1028F00000F00700A84201D0012078E7207800F01E
:102900000400042807D11448006820F4E050E1686E
:10291000084311490860207800F00800082808D111
:102920000D48006820F46040216940EAC1000A496E
:10293000086000F061F808490968C1F30311074A0B
:10294000515CC8400649086006480068FFF760FE11
:1029500000204CE7003C02400838024044CF000809
:10296000B0000020A80000200F2202600D4A12686B
:1029700002F0030242600B4A126802F0F002826029
:10298000084A126802F4E052C260064A126802F471
:102990006042D2080261044A126802F007020A602B
:1029A0007047000008380240003C024001480068BF
:1029B00070470000B000002000B5FFF7F7FF0449A2
:1029C0000968C1F38221034A515CC84000BD000080
:1029D0000838024054CF000800B5FFF7E7FF04496C
:1029E0000968C1F34231034A515CC84000BD000090
:1029F0000838024054CF00082DE9F0470024002594
:102A00000026A1462548006800F00C0020B10428EB
:102A100005D008283AD105E0DFF8849039E0DFF8E6
:102A2000849036E01D48001F006800F03F041B48FA
:102A3000001F006800F4800078B11A481749091F88
:102A40000968C1F38811A0FB0170014622460023EA
:102A50003846FDF717FC05460EE011480F49091FDF
:102A60000968C1F38811A0FB0170014622460023CA
:102A70003846FDF707FC05460848001F0068C0F30C
:102A80000140401C4600B5FBF6F902E0DFF810906B
:102A900000BF00BF4846BDE8F0870000083802408C
:102AA0000024F40000127A00F8B504460CB90120A5
:102AB000F8BD207800F00100002874D0F9480068C3
:102AC00000F00C0004280DD0F648006800F00C005F
:102AD000082813D1F348001F006800F48000B0F507
:102AE000800F0BD1EF4808380068C0F34040002841
:102AF00059D06068002856D10120D9E700BF60682E
:102B0000B0F5803F08D1E7480838006840F48030CD
:102B1000E449083908601EE06068B0F5A02F0DD1C7
:102B2000E0480838006840F48020DE490839086031
:102B30000846006840F4803008600CE0D948083846
:102B4000006820F48030D7490839086008460068DA
:102B500020F48020086000BF606890B1FEF762FF3B
:102B6000054606E0FEF75EFF401B642801D90320FE
:102B70009EE7CC4808380068C0F340400028F1D0F8
:102B800011E0FEF74FFF054606E0FEF74BFF401B46
:102B9000642801D903208BE7C24808380068C0F3D5
:102BA00040400028F1D1207800F0020002285FD1D7
:102BB000BC48006800F00C0058B1BA48006800F04A
:102BC0000C0008281CD1B748001F006800F48000E2
:102BD000B0B9B44808380068C0F3400020B1E068DC
:102BE000012801D0012063E7AE480838006820F0D2
:102BF000F800216940EAC100AA490839086037E0B5
:102C0000E06800B30120A8490860FEF70BFF054605
:102C100006E0FEF707FF401B022801D9032047E723
:102C2000A04808380068C0F340000028F1D09D4853
:102C30000838006820F0F800216940EAC10099498D
:102C40000839086014E0002097490860FEF7EAFEA2
:102C5000054606E0FEF7E6FE401B022801D90320E8
:102C600026E7904808380068C0F340000028F1D1FA
:102C7000207800F0080008282CD16069A8B1012054
:102C80008A490860FEF7CEFE054606E0FEF7CAFE5A
:102C9000401B022801D903200AE782486C300068F3
:102CA000C0F340000028F1D014E000207F49086004
:102CB000FEF7B8FE054606E0FEF7B4FE401B02280C
:102CC00001D90320F4E677486C300068C0F3400077
:102CD0000028F1D1207800F00400042870D10027EA
:102CE00070483830006800F0805090B900BF002074
:102CF00000906C483830006840F0805069493831A5
:102D000008600846006800F08050009000BF00BFD7
:102D100001276748006800F48070B0B96448006813
:102D200040F4807062490860FEF77CFE054606E0CC
:102D3000FEF778FE401B022801D90320B8E65C4864
:102D4000006800F480700028F2D000BFA06801285D
:102D500008D154486830006840F00100514968319A
:102D600008601DE0A06805280DD14E486830006855
:102D700040F004004B49683108600846006840F0A4
:102D8000010008600CE047486830006820F001004E
:102D90004449683108600846006820F00400086073
:102DA00000BFA068A8B1FEF73DFE054609E0FEF7AA
:102DB00039FE401B41F28831884202D9032077E670
:102DC00026E0384868300068C0F340000028EED0A4
:102DD00013E0FEF727FE054608E0FEF723FE401B42
:102DE00041F28831884201D9032061E62D486830DC
:102DF0000068C0F340000028EFD1012F07D1294817
:102E00003830006820F0805026493831086000BF13
:102E1000A069002845D02348006800F00C0008286D
:102E20005DD0A069022845D100201F490866FEF741
:102E3000F9FD054606E0FEF7F5FD401B022801D925
:102E4000032035E6174808380068C0F340600028C2
:102E5000F1D1D4E907010843616A40EA81110122F6
:102E6000A06AC2EB500041EA00412C20005D41EA1B
:102E700000600C49091F086001200B490866FEF735
:102E8000D1FD054606E0FEF7CDFD401B022801D925
:102E900003200DE6034808380068C0F340600028AE
:102EA000F1D049E00838024000004742800E474216
:102EB00000700040002021490866FEF7B3FD05467A
:102EC00006E0FEF7AFFD401B022801D90320EFE525
:102ED0001B480068C0F340600028F2D12CE0A069D4
:102EE000012800D1E4E51648001D0668A069012804
:102EF00020D006F48001E06981421BD106F03F0139
:102F0000206A814216D147F6C0703040616AB0EB4A
:102F1000811F0FD106F440310122A06AC2EB50009C
:102F2000B1EB004F06D106F070612C20005DB1EBD3
:102F3000006F01D00120BBE50020B9E50000474249
:102F4000003802407047704710B50346002200BFAA
:102F500093F83C00012801D1022010BD012083F824
:102F60003C0000BF22F0FF00CC6840EA040222F4DB
:102F700040708C6840EA040222F480604C6840EAA9
:102F8000040222F400600C6840EA040222F480503B
:102F90000C6940EA040222F400504C6940EA040241
:102FA00022F48040CC6940EA04021868426400BF01
:102FB000002083F83C0000BF00BFCEE730B50246DA
:102FC0000B4600BF92F83C00012801D1022030BD21
:102FD000012082F83C0000BF022082F83D0010680A
:102FE00044681068816824F070041868044310680D
:102FF0004460184D1068A8421BD01068B0F1804F93
:1030000017D0154D1068A84213D0144D1068A8426F
:103010000FD0134D1068A8420BD0124D1068A84273
:1030200007D0114D1068A84203D0104D1068A84277
:1030300005D121F0800158680143106881600120AA
:1030400082F83D0000BF002082F83C0000BF00BFB6
:10305000BDE70000000001400004004000080040FF
:10306000000C0040000401400040014000180040F6
:1030700010B504460CB9012010BD94F83D0028B9E4
:10308000002084F83C00204600F026F8022084F856
:103090003D00211D206804F0ADF8012084F84600B1
:1030A00000BF84F83E0001213F200155402001551A
:1030B0004120015500BF00BF012084F84200432099
:1030C0000155442001554520015500BF012084F8D9
:1030D0003D000020D0E7000008B5144A0168914285
:1030E0000FD100BF002100911149096841F0010191
:1030F0000F4A11601146096801F00101009100BFFB
:1031000013E00C4A016891420FD100BF00210091E9
:103110000749096841F48031054A11601146096880
:1031200001F48031009100BF00BF08BD00000140E4
:103130004438024000400140014691F83D0001281A
:1031400001D001207047022081F83D000868C06866
:1031500040F001000B68D8601A4B086898421BD0F9
:103160000868B0F1804F17D0174B0868984213D009
:10317000164B086898420FD0154B086898420BD040
:10318000144B0868984207D0134B0868984203D044
:10319000124B086898420CD10868806800F007025A
:1031A000062A0CD00868006840F001000B6818601F
:1031B00005E00868006840F001000B681860002016
:1031C000C0E700000000014000040040000800408B
:1031D000000C004000040140004001400018004085
:1031E0002DE9F04104460D46002700BF94F83C004D
:1031F000012802D10220BDE8F081012084F83C00C2
:1032000000BF022084F83D002068866826F077061B
:1032100026F47F46206886602868502833D00CDC6E
:10322000202850D004DC00284BD0102851D149E090
:10323000302849D040284CD139E060282DD0702862
:1032400007D0B0F5805F03D0B0F5005F41D10DE04D
:1032500041E0D5E902136A68206804F04CF8206860
:10326000866846F077062068866034E0D5E9021368
:103270006A68206804F03FF82068806840F4804065
:103280002168886027E0EA686968206804F024F90A
:103290005021206804F03AF81DE0EA686968206867
:1032A00004F02DF96021206804F030F813E0EA689A
:1032B0006968206804F010F94021206804F026F8BD
:1032C00009E000BF00BF00BF2968206804F01EF8B5
:1032D00001E0012700BF00BF012084F83D0000BFCE
:1032E000002084F83C0000BF384684E72DE9F04117
:1032F00004460D4614B90120BDE8F08194F83D0064
:1033000028B9002084F83C00204600F053F8022041
:1033100084F83D002068806844F2070188432168F2
:103320008860211D206803F065FF2068D0F80880C0
:10333000206886692068076A286840EA080840F221
:1033400003308643A969A86840EA0120064340F695
:103350000C4086434FF2F0008643E969E86840EA92
:103360000120064328690001296A40EA013006432A
:1033700027F0220727F088076969686840EA01108A
:1033800007432068C0F808802068866120680762CB
:10339000012084F8460084F83E0001213F200155B9
:1033A000012084F8420043200155012084F83D00AB
:1033B0000020A1E710B586B00446142101A8FCF74F
:1033C000ABFF6E49206888422FD100BF00200090DB
:1033D0006B48006840F002006949086008460068D0
:1033E00000F00200009000BF00BF00BF002000906E
:1033F00063481038006840F00100614910390860E6
:103400000846006800F00100009000BF00BFC02027
:103410000190022002900020039004900220059069
:1034200001A95848FEF7F6F9A5E0574920688842F7
:1034300030D100BF002000905148006840F00400E7
:103440004F4908600846006800F00400009000BF83
:1034500000BF00BF0020009049481038006840F0CD
:1034600008004749103908600846006800F0080065
:10347000009000BF00BF4FF4405001900220029026
:103480000020039004900220059001A93F48FEF718
:10349000C1F970E03E49206888422FD100BF00206A
:1034A00000903748006840F0080035490860084639
:1034B000006800F00800009000BF00BF00BF0020BF
:1034C00000902F481038006840F001002C49103956
:1034D00008600846006800F00100009000BF00BFCF
:1034E000032001900220029000200390049002200B
:1034F000059001A92348FEF78DF93CE02549206895
:10350000884238D100BF002000901D48001D00688F
:1035100040F002001A49091D08600846006800F0E2
:103520000200009000BF00BF00BF002000901448C0
:103530001038006840F0040011491039086008464E
:10354000006800F00400009000BF00BFC0200190A0
:10355000022002900020039004900320059001A90E
:103560000D48FEF757F900220F212D20FFF7E8F84C
:103570002D20FFF7D1F806B010BD00000004004078
:10358000403802400000024000080040000C0240A9
:10359000000C004000040140000802402DE9F04307
:1035A00004460D4694F83E603F20075D94F8428043
:1035B000432010F804906DB9012E02D1B8F1010F2B
:1035C00002D00120BDE8F083022084F83E0084F898
:1035D000420025E0042D0CD1012F02D1B9F1010FD9
:1035E00001D00120EEE702213F2001554320015583
:1035F00016E0012E07D1012F05D1B8F1010F02D13C
:10360000B9F1010F01D00120DCE7022084F83E006F
:1036100002213F200155022084F842004320015539
:1036200015B1042D0CD105E001220021206803F022
:1036300051FE10E001220421206803F04BFE0AE055
:1036400001220021206803F045FE012204212068A8
:1036500003F040FE00BF00BF2068006840F001009A
:10366000216808600020ADE7704770B50446206807
:10367000C5682068066906F00200022819D105F025
:103680000200022815D1401F21680861012020771F
:103690002068806900F0030018B12046FFF7E4FFBE
:1036A00005E0204600F0F0F8204600F0A4F90020E4
:1036B000207706F00400042819D105F0040004283E
:1036C00015D1C043216808610220207720688069F5
:1036D00000F4407018B12046FFF7C6FF05E0204611
:1036E00000F0D2F8204600F086F90020207706F09E
:1036F0000800082819D105F00800082815D1C04392
:1037000021680861042020772068C06900F0030068
:1037100018B12046FFF7A8FF05E0204600F0B4F8F6
:10372000204600F068F90020207706F010001028ED
:1037300019D105F01000102815D1C0432168086187
:10374000082020772068C06900F4407018B1204636
:10375000FFF78AFF05E0204600F096F8204600F0CB
:103760004AF90020207706F0010048B105F0010079
:1037700030B16FF0010021680861204600F0C2F905
:1037800006F08000802809D105F08000802805D14E
:10379000C043216808612046FFF7D4FB06F04000D3
:1037A000402809D105F04000402805D1C0432168D8
:1037B0000861204600F0B2F906F02000202809D167
:1037C00005F02000202805D1C0432168086120466B
:1037D000FFF7B9FB70BD000010B586B00446142198
:1037E00001A8FCF799FD2349206888421ED100BF3B
:1037F000002000902048006840F010001E4908603A
:103800000846006800F01000009000BF00BF4FF4B1
:10381000D4400190022002900020039004900120E7
:10382000059001A91548FDF7F5FF20E0144920682F
:1038300088421CD100BF002000900F48006840F073
:1038400001000D4908600846006800F00100009082
:1038500000BF00BF0C2001900220029000200390C6
:1038600004900320059001A90648FDF7D3FF06B098
:1038700010BD00000000014030380240001002403E
:10388000004001400000024070472DE9F04104462D
:103890000D461646002700BF94F83C00012802D1CF
:1038A0000220BDE8F081012084F83C0000BF36B161
:1038B000042E1BD0082E31D00C2E5ED145E02946B7
:1038C000206803F02DFD2068806940F00800216821
:1038D00088612068806920F0040021688861206880
:1038E0008069296908432168886148E02946206881
:1038F00003F04EFD2068806940F400602168886113
:103900002068806920F4806021688861206880696F
:10391000296940EA01202168886130E02946206851
:1039200003F074FD2068C06940F008002168C86198
:103930002068C06920F004002168C8612068C0695F
:10394000296908432168C86119E02946206803F005
:1039500099FD2068C06940F400602168C861206852
:10396000C06920F480602168C8612068C069296945
:1039700040EA01202168C86101E0012700BF00BFC3
:1039800000BF002084F83C0000BF384689E710B52E
:1039900004460CB9012010BD94F83D0028B9002060
:1039A00084F83C00204600F025F8022084F83D0011
:1039B000211D206803F01EFC012084F8460000BF92
:1039C00084F83E0001213F2001554020015541204F
:1039D000015500BF00BF012084F84200432001557B
:1039E000442001554520015500BF012084F83D00C9
:1039F0000020D0E77047704770B504460D4615B9F2
:103A000094F83E000BE0042D02D13F20005D06E05B
:103A1000082D02D14020005D01E04120005D012819
:103A200001D0012070BD1DB9022084F83E000EE0D7
:103A3000042D03D102213F20015508E0082D03D1B8
:103A400002214020015502E00221412001550122BE
:103A50002946206803F03EFC23492068884203D0B1
:103A600022492068884201D1012000E0002028B1CD
:103A70002068406C40F40040216848641A4920687E
:103A800088421BD02068B0F1804F17D018492068B9
:103A9000884213D01749206888420FD01649206801
:103AA00088420BD011492068884207D0134920680A
:103AB000884203D01249206888420CD1206880686F
:103AC00000F00706062E0CD02068006840F00100C8
:103AD0002168086005E02068006840F00100216866
:103AE000086000209EE70000000001400004014043
:103AF0000004004000080040000C0040004001406D
:103B00000018004010B5044603492068884201D1DE
:103B1000FEF754FD10BD0000002000407047F8B5CE
:103B200004460D46164694F8420020282DD105B1D2
:103B30000EB90120F8BD01202063002060633246E9
:103B40002946204603F082FF0746206B012819D141
:103B500000BF002000902068006800902068406846
:103B6000009000BF00BF00BF00BF21680C3151E8CA
:103B7000001F41F0100021680C3141E80002002ACA
:103B8000F3D100E001273846D4E70220D2E7000055
:103B900070B504460D460849206888420AD10020C5
:103BA00001E0411C88B2A842FBDB802203490448A3
:103BB000FFF7B5FF70BD0000004C0040EB05002092
:103BC000540A0020704700002DE9F84F0446206891
:103BD00005682068C668206847694FF00009CA4632
:103BE00005F00F09B9F1000F0AD105F0200038B136
:103BF00006F0200020B1204603F094FDBDE8F88FC8
:103C0000B9F1000F7CD007F0010018B906F49070EC
:103C1000002875D005F0010030B106F4807018B1AD
:103C2000606C40F00100606405F0040030B107F002
:103C3000010018B1606C40F00200606405F0020001
:103C400030B107F0010018B1606C40F0040060640E
:103C500005F0080048B106F0200010B907F0010097
:103C600018B1606C40F008006064606C002846D0B9
:103C700005F0200028B106F0200010B1204603F026
:103C800051FD20684069C0F3801A606C00F00800A4
:103C900010B9BAF1000F2DD0204603F0EAFC2068DD
:103CA000406900F04000402820D100BF00BF2168DB
:103CB000143151E8001F21F040002168143141E81F
:103CC0000002002AF3D100BFE06B50B17F48E16BE6
:103CD0000865E06BFDF782FB88B1E06B016D8847FA
:103CE0000DE02046FFF76EFF09E009E02046FFF7F0
:103CF00069FF04E02046FFF765FF002060647DE770
:103D0000206B012878D105F01000002874D006F04F
:103D100010000028FAD000BF002000902068006842
:103D2000009020684068009000BF00BF2068406994
:103D300000F04000402870D1E06B006840681FFA36
:103D400080F8B8F1000F58D0A08D404555DDA4F89B
:103D50002E80E06BC069B0F5807F43D000BF00BF0C
:103D600021680C3151E8001F21F4807021680C316A
:103D700041E80002002AF3D100BF00BF00BF216864
:103D8000143151E8001F21F001002168143141E88D
:103D90000002002AF3D100BF00BF00BF2168143128
:103DA00051E8001F21F040002168143141E8000271
:103DB000002AF3D100BF202084F8420000202063B5
:103DC00000BF00BF21680C3151E8001F21F0100036
:103DD00021680C3141E80002002AF3D100BFE06BFA
:103DE000FDF7A6FA02206063A08DE28D801A81B2F1
:103DF0002046FFF7CDFE0EE052E0A08D40450AD1EF
:103E0000E06BC069B0F5807F05D102206063A18DB1
:103E10002046FFF7BDFEF1E6FFE7A08DE18D401AD9
:103E20001FFA80F8E08DD0B3B8F1000F37D000BF93
:103E300000BF21680C3151E8001F21F49070216807
:103E40000C3141E80002002AF3D100BF00BF00BFDF
:103E50002168143151E8001F21F00100216814315C
:103E600041E80002002AF3D100BF202084F842007C
:103E70000020206300BF00BF21680C3151E8001F03
:103E800021F0100021680C3141E80002002AF3D132
:103E900000BF0220606341462046FFF779FEADE691
:103EA00005F0800030B106F0800018B1204603F024
:103EB00039FEA3E605F0400030B106F0400018B12D
:103EC000204603F00CFC99E600BF97E63975000820
:103ED00010B504460CB9012010BDA06900B100E086
:103EE00000BF94F8410028B9002084F84000204623
:103EF00000F02AF8242084F841002068C06820F4EB
:103F000000502168C860204603F08AFC20680069E0
:103F100020F49040216808612068406920F02A0060
:103F2000216848612068C06840F400502168C8607A
:103F300000206064202084F8410084F842000020C2
:103F4000606300BFC8E7000010B586B004461421C6
:103F500001A8FCF7E1F96C492068884255D100BFFF
:103F6000002000906948006840F40020674908601C
:103F70000846006800F40020009000BF00BF00BFAA
:103F80000020009061481038006840F004005F494C
:103F9000103908600846006800F00400009000BF77
:103FA00000BF4FF440600190022002900020039077
:103FB000032004900820059001A95548FDF72AFC2C
:103FC00054485549086040054860002152488160C6
:103FD000C1604FF480610161002141618161C16173
:103FE00001624162FDF736FB08B1FCF775FE00BFC8
:103FF0004948E063846300BF002205213420FEF7B6
:104000009FFB3420FEF788FB7CE04449206888420F
:104010003BD100BF002000903C48001D006840F0EC
:1040200010003A49091D08600846006800F01000B9
:10403000009000BF00BF00BF002000903348103840
:10404000006840F0010031491039086008460068F6
:1040500000F00100009000BF00BF4FF4C06001906D
:104060000220029000200390032004900720059076
:1040700001A92B48FDF7CEFB002205212520FEF7E4
:104080005FFB2520FEF748FB3CE02649206888427C
:1040900038D100BF002000901C48006840F4802008
:1040A0001A4908600846006800F48020009000BFAC
:1040B00000BF00BF0020009014481038006840F096
:1040C00008001249103908600846006800F008002E
:1040D000009000BF00BF4FF440700190022002909A
:1040E00000200390032004900720059001A90E48AA
:1040F000FDF790FB002205212720FEF721FB27205A
:10410000FEF70AFB06B010BD004C004040380240EC
:1041100000080240406002402C0B002000100140CB
:104120000000024000480040000C02407047704709
:104130002DE9F84F04460E46174699464FF0000AFF
:1041400094F84100202850D106B117B90120BDE8EC
:10415000F88F00206064212084F84100FDF762FCA4
:104160008246A784E784A068B0F5805F04D1206907
:1041700010B90025B04602E035464FF000081EE0B9
:104180005346002280212046CDF8009003F0FAFC2F
:1041900020B1202084F841000320D8E745B9B8F8C1
:1041A0000000C0F308002168486008F1020803E03D
:1041B0002878216848606D1CE08C401EE084E08C0B
:1041C0000028DDD15346002240212046CDF8009042
:1041D00003F0D8FC20B1202084F841000320B6E78A
:1041E000202084F841000020B1E70220AFE77047AB
:1041F00000BFFEE710B50248FDF71CFC10BD000033
:104200003C07002010B50248FDF77EFC10BD000001
:104210003C070020C16AB1F52A0F02D10121C16219
:1042200005E0C16AB1F12A4F01D10821C16270478E
:10423000F8B5054600200090AC6B94F83D60394815
:1042400000681921B0FBF1F04FF47A71B0FBF1F086
:10425000C0EBC00000EB8000009000BF009820B9C8
:10426000206C40F02000206409E00098401E00907F
:104270002068006800F40070B0F5007FEED000BF49
:10428000606B10B10020616BC863A06B10B100209F
:10429000A16BC8632068006820F480602168086012
:1042A00000206085606B10B10020616B0865A06B19
:1042B00010B10020A16B08652068006820F00100A3
:1042C0002168086094F83D0060280AD1202084F815
:1042D0003D00002084F83E0020642046FDF7A8FB46
:1042E0001EE006F02800282811D12068006840F060
:1042F0000100216808602068006840F4806021683F
:10430000086000202063282084F83D0005E020207C
:1043100084F83D00002084F83E002046FDF7E1FCD3
:10432000F8BD0000B000002070B50546AC6B606BB6
:1043300010B10020616BC863A06B10B10020A16BAD
:10434000C8632846FDF75EF8022814D0206800688C
:1043500020F480602168086000206085202084F8B7
:104360003D00002084F83E00206C40F010002064E6
:104370002046FDF7B6FC70BD2DE9F0410746BC6B49
:1043800094F83D6094F83E80E56A2068406820F427
:10439000407021684860606B10B10020616BC86399
:1043A000A06B10B10020A16BC86306F0210021288A
:1043B00006D006F02200222826D1B8F1200F23D102
:1043C0002068406820F40060216848600020608513
:1043D000292E08D121202063282084F83D00204682
:1043E000FEF7EBF809E02A2E07D1222020632820CF
:1043F00084F83D002046FEF7DFF82068406840F46E
:1044000040702168486054E094F83E00002850D085
:10441000608D012805D12068006820F48060216843
:1044200008602068406820F440702168486015F5F5
:10443000803F06D0082D04D0B5F12A4F01D0202DA1
:1044400005D12068006840F4007021680860206889
:10445000406820F48050216848602068406820F45B
:1044600000602168486000206085206C18B12046FB
:10447000FDF737FC1DE0202084F83D0094F83E0055
:10448000402807D1002084F83E0020632046FDF735
:10449000CDFD0EE0002084F83E00082D01D0202D37
:1044A00002D10020206301E0122020632046FDF7A6
:1044B00002FDBDE8F08101684969C1F3C01111B185
:1044C00000210268116170472DE9F041044694F81B
:1044D0003D6094F83E70102F01D0402F07D1222E5E
:1044E00005D12068006820F400602168086006F0AB
:1044F0002800282805D100202063282084F83D00CA
:1045000010E02068406800F40060B0F5006F07D04C
:10451000602E05D0202084F83D00002084F83E0065
:10452000002020632068406800F40060B0F5006F50
:1045300040D12068406820F4006021684860606BCA
:1045400090F83500012814D04848616B0865606B0D
:10455000FCF744FF00285BD02068006820F00100D1
:1045600021680860202084F83D00606B016D884759
:104570004EE03E48A16B0865A06BFCF72FFF0028BA
:1045800046D020684069C0F3801030B120680069CF
:10459000616A0870606A401C60622068006820F0F0
:1045A000010021680860202084F83D00A06B016DA7
:1045B00088472DE094F83D0060281AD1202084F827
:1045C0003D000020206420684069C0F3801030B1B5
:1045D00020680069616A0870606A401C6062206837
:1045E000006820F00100216808602046FDF720FAED
:1045F0000EE020684069C0F3801030B12068006987
:10460000616A0870606A401C60622046FDF769FBC1
:10461000256C05F0010058B905F00200022807D00A
:1046200005F00400042803D005F00800082805D18F
:104630002068406820F4E0602168486094F83D609C
:10464000206C00F0040004280ED1282E0CD108485C
:10465000E06200202063202084F83D00002084F8E0
:104660003E002046FDF726FCBDE8F08131420008FF
:104670000000FFFF014608684069C0F38020B0B128
:104680006FF480600A68506100200863202081F880
:104690003D00002081F83E00086C40F004000864F2
:1046A00000BF002081F83C0000BF012070470020BF
:1046B000FCE770B50446E56A608D042810D12068D7
:1046C000406820F480602168486020680069616A61
:1046D0000870606A401C6062608D401E60857FE0EB
:1046E000608D03281AD12068406820F4806021681A
:1046F0004860042D07D0022D05D02068006820F402
:1047000080602168086020680069616A0870606ADA
:10471000401C6062608D401E608561E0608D0228F3
:1047200054D1012D01D0102D06D12068006820F44D
:1047300080602168086010E0042D01D0022D06D1B0
:104740002068006840F480602168086005E0206807
:10475000006840F400702168086020680069616AA0
:104760000870606A401C6062608D401E6085206831
:104770000069616A0870606A401C6062608D401E5A
:1047800060852068406820F44070216848602020DF
:1047900084F83D0094F83E00402807D1002084F8BA
:1047A0003E0020632046FDF741FC19E0002084F81C
:1047B0003E00082D01D0202D02D10020206301E011
:1047C000122020632046FDF776FB09E0206800698F
:1047D000616A0870606A401C6062608D401E60857E
:1047E00070BD70B5044694F83D0022287AD1E66A7F
:1047F000658D032D13D920680069616A0870606AAD
:10480000401C6062608D401E6085608D032868D109
:104810002068406820F480602168486061E0E06AB8
:10482000022858D0012D01D0002D54D1204600F08F
:1048300055FFA0BB2068006820F4806021680860F4
:104840002068406820F4E0602168486020680069C2
:10485000616A0870606A401C6062608D401E6085FD
:10486000202084F83D0094F83E00402807D1002025
:1048700084F83E0020632046FDF7D8FB31E000209D
:1048800084F83E00082E01D0202E02D100202063A3
:1048900001E0122020632046FDF70DFB21E0FFE739
:1048A0002068406820F4E060216848602068006962
:1048B000616A0870606A401C6062608D401E60859D
:1048C000202084F83D00002084F83E002046FDF7BB
:1048D00008FA06E006E02068406820F4806021685D
:1048E000486000BF70BD00002DE9F84304460D4646
:1048F00017469846E66A082E04D0012E02D016F517
:10490000803F06D12068006840F48070216808600C
:1049100008E0206B122805D12068006840F4807000
:10492000216808603B4600224FF001112046CDF877
:10493000008000F0F6FD60B12068006800F480702F
:10494000B0F5807F02D14FF4007020640320BDE8F1
:10495000F8832069B0F5804F04D105F0FE0021688E
:10496000086112E005F44070F02141EAE01021688E
:10497000086143463A460B49204600F031FE08B133
:104980000120E4E7E8B22168086143463A46054958
:10499000891F204600F024FE08B10120D7E700203F
:1049A000D5E700000800010070B50446E56A94F8F8
:1049B0003D00212847D1608D50B1606A00782168A0
:1049C0000861606A401C6062608D401E60853AE04C
:1049D000082D16D0202D14D015F5803F11D0206859
:1049E000406820F4E06021684860112020630020C6
:1049F00084F83E00202084F83D002046FDF75CFA54
:104A000021E02068406820F4E06021684860206868
:104A1000006840F4007021680860002020632020B6
:104A200084F83D0094F83E00402806D1002084F828
:104A30003E002046FDF706FB05E0002084F83E001E
:104A40002046FDF739FA70BD2DE9F041044694F88F
:104A50003D5094F83E70E66A208DB0BB212D3CD1CC
:104A6000082E16D0202E14D016F5803F11D02068C5
:104A7000406820F4E0602168486011202063002035
:104A800084F83E00202084F83D002046FDF714FA0B
:104A900044E02068406820F4E060216848602068B5
:104AA000006840F400702168086000202063202026
:104AB00084F83D0094F83E00402807D1002084F897
:104AC0003E002046FDF7BEFA28E006E0002084F80C
:104AD0003E002046FDF7F0F920E0212D03D0402FC5
:104AE0001CD1222D1AD1608D30B92068406820F485
:104AF00080602168486011E094F83E00402803D1AE
:104B0000204600F0A5F909E0606A00782168086194
:104B1000606A401C6062608D401E6085BDE8F08167
:104B2000416CC9B202681161416B11B1416BC96B33
:104B300021B9816B41B1816BC96B29B101684968A9
:104B400041F4006102685160704738B590F83E202A
:104B5000C16A036B90F83D40222C73D1046D64B997
:104B6000402A0AD100BF00240094046864690094BC
:104B70000468A469009400BF1AE1046DC4B9046913
:104B8000B4F5404F14D100BF002400940468646958
:104B900000940468A469009400BF00BF04682468FE
:104BA00044F4807405682C60046D641C0465FFE0A7
:104BB000448D8CB900BF002400940468646900949B
:104BC0000468A469009400BF00BF0468246844F42A
:104BD000007405682C60DDE0448D012C72D111F564
:104BE000803F30D10468246824F4806405682C6018
:104BF0000468646804F40064B4F5006F10D10468BC
:104C0000246824F4806405682C6000BF00240094AC
:104C10000468646900940468A469009400BFB9E062
:104C200000BF002400940468646900940468A469C7
:104C3000009400BF00BF0468246844F40074056851
:104C40002C60A7E0A9E0082923D0202921D0122B2D
:104C500001D101291DD104290AD0022908D0102927
:104C600006D00468246824F4806405682C6005E09C
:104C70000468246844F4806405682C6000BF002444
:104C800000940468646900940468A469009400BFF7
:104C900080E00468246824F4806405682C6000BF08
:104CA000002400940468646900940468A469009472
:104CB00000BF00BF0468246844F4007405682C60D9
:104CC00068E0FFE7448D022C3BD1042910D0022973
:104CD0000ED010290CD00468246824F48064056880
:104CE0002C600468246844F4006405682C6005E0C6
:104CF0000468246844F4806405682C60046864686F
:104D000004F40064B4F5006F10D111F5803F07D0B2
:104D1000012905D0082903D0102901D0202905D167
:104D20000468646844F4805405686C6000BF002423
:104D300000940468646900940468A469009400BF46
:104D400028E00468246844F4806405682C600468E2
:104D5000646804F40064B4F5006F10D111F5803F6D
:104D600007D0012905D0082903D0102901D0202916
:104D700005D10468646844F4805405686C6000BF21
:104D8000002400940468646900940468A469009491
:104D900000BF00BF002404650AE000BF00240094A7
:104DA0000468646900940468A469009400BF00BFAB
:104DB00038BD90F83E1040290ED1016D29B9416CE3
:104DC00001F0FE010268116141E0416CC9B241F09D
:104DD0000101026811613AE00169B1F5804F20D10B
:104DE00090F83D10212905D1416C01F0FE010268C7
:104DF000116105E0416CC9B241F001010268116125
:104E0000416B11B1416BC96B21B9816BF9B1816BF8
:104E1000C96BE1B10168496841F400610268516001
:104E200015E0016D41B9416C01F44071F02242EA94
:104E3000E111026811610AE0016D012907D1416C9D
:104E400001F44071F12242EAE111026811617047F8
:104E500070B5044694F83D50206D98B9E06C012877
:104E600007D1A06CC0B221680861206D801C20654C
:104E700050E0A06CC0F3072021680861206D401C41
:104E8000206547E0206D012807D1A06CC0B22168E1
:104E90000861206D401C20653CE0206D022836D161
:104EA000222D09D12068006840F4807021680860D4
:104EB000206D401C20652DE0608D60B1212D0AD150
:104EC000606A007821680861606A401C6062608DD9
:104ED000401E60851EE0608DE0B9212D1AD120684A
:104EE000406820F4E060216848602068006840F471
:104EF00000702168086000202063202084F83D00B5
:104F0000002084F83E002046FDF79CF802E0204691
:104F1000FFF7D1FA70BD00002DE9F84304460F46B3
:104F200015469946DDE908862068006840F48060EF
:104F3000216808602068006840F48070216808607B
:104F4000434600224FF001112046009600F0E9FA96
:104F500060B12068006800F48070B0F5807F02D1F5
:104F60004FF4007020640320BDE8F88307F0FE00D2
:104F700021680861334642463E49204600F030FB36
:104F800008B10120F0E700BF0020009020684069D0
:104F9000009020688069009000BF00BF3246414603
:104FA000204600F0C3FB50B1206C042805D12068D6
:104FB000006840F40070216808600120D4E7B9F16E
:104FC000010F03D1E8B22168086117E0C5F307209B
:104FD0002168086132464146204600F0A7FB50B1E7
:104FE000206C042805D12068006840F40070216816
:104FF00008600120B8E7E8B22168086132464146FE
:10500000204600F093FB50B1206C042805D12068A5
:10501000006840F40070216808600120A4E720685F
:10502000006840F4807021680860434600224FF019
:1050300001112046009600F074FA58B1206800680B
:1050400000F48070B0F5807F02D14FF400702064CE
:10505000032089E7F8B240F0010021680861334677
:1050600042460449204600F0BBFA08B101207BE724
:10507000002079E7020001002DE9F8430446884644
:1050800015469946DDE908672068006840F480709D
:1050900021680860334600224FF001112046009736
:1050A00000F03FFA60B12068006800F48070B0F54D
:1050B000807F02D14FF4007020640320BDE8F883A4
:1050C00008F0FE00216808613B463246214920462F
:1050D00000F086FA08B10120F0E700BF0020009040
:1050E00020684069009020688069009000BF00BF80
:1050F0003A463146204600F019FB50B1206C042896
:1051000005D12068006840F4007021680860012023
:10511000D4E7B9F1010F03D1E8B22168086117E0C3
:10512000C5F30720216808613A463146204600F061
:10513000FDFA50B1206C042805D12068006840F4C5
:105140000070216808600120B8E7E8B221680861B2
:105150000020B3E702000100418D49B101680969EF
:10516000426A1170416A491C4162418D491E418564
:10517000704770B5044694F83D50608DD8B12068F2
:105180000069616A0870606A401C6062608D401E40
:105190006085608D78B92A2D0DD12068406820F493
:1051A00080602168486022202063282084F83D0028
:1051B0002046FDF701FA70BD418D49B1416A097879
:1051C00002681161416A491C4162418D491E418555
:1051D000704770B5044694F83D50608DD8B1606A50
:1051E000007821680861606A401C6062608D401E22
:1051F0006085608D78B9292D0DD12068406820F434
:1052000080602168486021202063282084F83D00C8
:105210002046FDF7D2F970BDF8B504460D460027CB
:1052200094F83D0000F0280028281CD12068406830
:1052300020F4806021684860C5F3800000B9012730
:10524000C5F3C01010B9A08986B201E0208B86B2E8
:1052500000BF002084F83C0000BF3246394620469B
:10526000FCF7E7FB0FE000BF0020009020684069DA
:10527000009020688069009000BF00BF00BF002040
:1052800084F83C0000BFF8BD70B5044694F83D506A
:10529000E66A082E01D0202E1FD1282D1DD12348CB
:1052A000E0622068406820F4E060216848606FF4A4
:1052B0008060216848612068006820F4806021686F
:1052C000086000202063202084F83D00002084F83E
:1052D0003E002046FCF7EEFD26E0212D20D11348AC
:1052E000E06221202063202084F83D00002084F823
:1052F0003E002068406820F4E060216848606FF458
:105300008060216848612068006820F4806021681E
:1053100008602046FFF7CFF82046FDF74EF903E07E
:105320006FF480602168486170BD00000000FFFFDD
:1053300038B5044694F83D502068406820F4E06099
:105340002168486000BF00200090206840690090FC
:105350002068006840F001002168086000BF00BFBD
:105360002068006820F48060216808602068406838
:1053700000F40060B0F5006F42D1222D01D02A2D3B
:105380001FD1A06B006840686085608D18B1206CEB
:1053900040F0040020642068406820F40060216828
:1053A0004860A06BFCF731F8012829D04148A16B77
:1053B0000865A06BFCF712F810B3A06B016D88476D
:1053C0001EE0606B006840686085608D18B1206CDD
:1053D00040F0040020642068406820F400602168E8
:1053E0004860606BFCF711F8012809D03148616B07
:1053F0000865606BFBF7F2FF10B1606B016D8847C9
:10540000608D18B320684069C0F3800048B12068FF
:105410000069616A0870606A401C6062608D401EAD
:10542000608520684069C0F3801048B12068006939
:10543000616A0870606A401C6062608D401E608511
:10544000608D18B1206C40F004002064206C18B10D
:105450002046FFF739F82BE02A2D07D100202063E2
:10546000282084F83D002046FDF7A6F894F83D007A
:1054700028280DD11048E06200202063202084F805
:105480003D00002084F83E002046FCF713FD0FE0AD
:10549000206B222801D0222D0AD100202063202059
:1054A00084F83D00002084F83E002046FDF784F893
:1054B00038BD0000314200080000FFFF70B504460F
:1054C0000D46164625E02046FFF7D4F808B1012026
:1054D00070BD681CE8B1FCF7A5FA801BA84200D893
:1054E000BDB920684069C0F3800090B900202063F6
:1054F000202084F83D00002084F83E00206C40F01D
:105500002000206400BF002084F83C0000BF012080
:10551000DEE720684069C0F380000028D3D0002077
:10552000D6E72DE9F04104460D4617461E46DDF844
:10553000188038E0701CA8B3FCF774FAA0EB0800E0
:10554000B04200D876BBC5F3074001280AD12068D5
:105550004069A9B20840A9B2884201D101200BE0FC
:10556000002009E020688069A9B20840A9B28842F9
:1055700001D1012000E00020B84214D100202063B6
:10558000202084F83D00002084F83E00206C40F08C
:105590002000206400BF002084F83C0000BF0120F0
:1055A000BDE8F081FFE7C5F3074001280AD1206874
:1055B0004069A9B20840A9B2884201D101200BE09C
:1055C000002009E020688069A9B20840A9B2884299
:1055D00001D1012000E00020B842ABD00020DFE77D
:1055E0002DE9F04104460D4616461F4658E0206856
:1055F0004069C0F38020E8B12068006840F4007082
:10560000216808606FF48060216848610020206391
:10561000202084F83D00002084F83E00206C40F0FB
:105620000400206400BF002084F83C0000BF01207B
:10563000BDE8F081701C90B3FCF7F4F9C01BB042D8
:1056400000D866BBC5F3074001280AD1206840692D
:10565000A9B20840A9B2884201D101200BE0002084
:1056600009E020688069A9B20840A9B2884201D146
:10567000012000E0002090B900202063202084F861
:105680003D00002084F83E00206C40F020002064A3
:1056900000BF002084F83C0000BF0120C8E7FFE7FE
:1056A000C5F3074001280AD120684069A9B2084023
:1056B000A9B2884201D101200BE0002009E0206856
:1056C0008069A9B20840A9B2884201D1012000E056
:1056D000002000288BD00020AAE7000008B5014672
:1056E00000200090104800681922B0FBF2F04FF43F
:1056F0007A72B0FBF2F000EB8000009000BF0098DF
:10570000401E0090009828B9086C40F02000086402
:10571000012008BD0868006800F40070B0F5007F43
:10572000EDD00020F5E70000B000002070B5044681
:105730000D46164625E02046FEF79CFF08B10120E5
:1057400070BD681CE8B1FCF76DF9801BA84200D859
:10575000BDB920684069C0F3C01090B90020206333
:10576000202084F83D00002084F83E00206C40F0AA
:105770002000206400BF002084F83C0000BF01200E
:10578000DEE720684069C0F3C0100028D3D00020B5
:10579000D6E700002DE9F04188B00024002500265E
:1057A0004FF0C80830A002F045FA002710E000F0E2
:1057B00009FA02E0012003F013FA364800780028C5
:1057C000F8D0002033490870052003F009FA7F1C47
:1057D000142FECDB002724E000F0F4F902E00120B4
:1057E00003F0FEF92B4800780028F8D00020294962
:1057F000087002A803A904AB05AACDE9001006A908
:1058000007A800F08DF9BDF910000444BDF90C00A3
:105810000544BDF908000644052003F0E1F9781CB1
:1058200087B2C82FD8DBC82094FBF0F000B21A4929
:105830000880C82095FBF0F000B218490880C82005
:1058400096FBF0F000B2164908800846B0F9003027
:105850001248B0F900201048B0F9001011A002F071
:10586000E9F908B0BDE8F0815B494D555D20436121
:105870006C6962726174696E672E2E2E20506C65A1
:10588000617365204B454550205354494C4C210DC4
:105890000A000000470000204000002042000020D5
:1058A000440000205B494D555D2043616C69627284
:1058B0006174696F6E20446F6E6521204F66667358
:1058C0006574733A2067783D25642C2067793D25FF
:1058D000642C20677A3D25640D0A0000F0B52DED9B
:1058E000068B8BB005460E461446FCF79BF8074620
:1058F00005A806A907AB08AACDE9001009A90AA8BE
:1059000000F00EF96DA002F095F9BDF81C00704989
:105910000988401A00B20790BDF818006D4909883F
:10592000401A00B20690BDF814006B490988401A6D
:1059300000B2059055B3BDF9240000EE900AF8EED0
:10594000E00A60EEA00ABDF9200001EE100AF8EEB0
:10595000C11A01EE100AB8EEC11A41EE810AB0EE8A
:10596000600A02F015FBB0EE408AF0EE480ABDF97D
:105970002800404200EE100AB8EEC00A02F0B2F968
:10598000DFED560A20EE200A85ED000A9EB1BDF932
:10599000200000EE100AF8EEC00ABDF9240000EE67
:1059A000100AB8EEC00A02F09DF9DFED4C0A20EEB5
:1059B000200A86ED000AECB34948006848B348481D
:1059C0000068381A01EE100AB8EE411ADFED451AE8
:1059D00081EE212AB0EE420ABDF9140001EE100A50
:1059E000B8EEC11ADFED401A81EE212AF0EE420A2C
:1059F000BDF91400002801DB014600E041420F29F7
:105A000006DD3A4890ED001A00EE801A80ED001A8B
:105A100000BF364890ED000A84ED000A94ED000ABC
:105A2000DFED330AB4EEE00AF1EE10FA0ADD94ED90
:105A3000000A00E017E0DFED2F0A30EE600A84ED87
:105A4000000A10E094ED000ADFED2B0AB4EEE00A44
:105A5000F1EE10FA07D294ED000ADFED260A30EEDF
:105A6000200A84ED000A94ED000A10EE101A084690
:105A7000FAF75DFC41EC180B96ED000A10EE101AD7
:105A80000846FAF754FC41EC190B95ED000A10EEAC
:105A9000101A0846FAF74BFC41EC1A0B8DED028BFD
:105AA0008DED009B53EC1A2B14A002F0C3F80C48A8
:105AB00007600BB0BDEC068BF0BD0000444D4120EB
:105AC000526563656976652C4F4B0D0A0000000036
:105AD000400000204200002044000020E12E6542EA
:105AE0004C00002000007A443333834148000020FA
:105AF000000034430000B443000034C37069746391
:105B0000683A25312E662C726F6C6C3A25312E6600
:105B10002C7961773A25312E662C4F4B0D0A000007
:105B2000F0B5DDE9054538B11A4E7678194F3F7862
:105B300046EA072636B2068039B1164EF678154F7A
:105B4000BF7846EA072636B20E803AB1114E767912
:105B5000104F3F7946EA072636B216803BB10D4E0C
:105B6000767A0C4F3F7A46EA072636B21E803CB161
:105B7000084EF67A074FBF7A46EA072636B22680E5
:105B80003DB1044E767B034F3F7B46EA072636B293
:105B90002E80F0BDDD05002010B500216B2000F047
:105BA0002BF80921192000F027F800211A2000F015
:105BB00023F818211B2000F01FF818211C2000F0EA
:105BC0001BF810BD1CB5094890F83D0020280CD1E9
:105BD0000020074908700E20064901233B22CDE929
:105BE0000010D0210148FCF72FFA1CBD3C07002013
:105BF00047000020DD05002013B584B00446642072
:105C0000012105AA0B46CDE9002102902246D021B0
:105C10000248FCF74BFB06B010BD00003C0700201B
:105C20001FB500200090019002900390154816497E
:105C300008604FF4803048600021134881600161A2
:105C4000017680F82010C162104981620021C16094
:105C50000121C161002180F8301001214161FBF771
:105C6000B9F908B1FBF738F80A200090012001903B
:105C70000020029069460448FBF732F808B1FBF7B0
:105C80002BF81FBD002001406C0600200100000F12
:105C900010B50B480B4908601020486000210948E6
:105CA0008160C16001614161017641768176C17692
:105CB00001774177FBF72EFA08B1FBF70DF810BD1D
:105CC000006800401407002008B500BF00200090C5
:105CD0001E48006840F400101C490860084600682F
:105CE00000F40010009000BF00BF00BF0020009033
:105CF0000846006840F4800008600846006800F428
:105D00008000009000BF00BF002205210B20FCF79F
:105D100017FD0B20FCF700FD002205210D20FCF7EC
:105D20000FFD0D20FCF7F8FC002205211120FCF7E7
:105D300007FD1120FCF7F0FC002205213820FCF7BC
:105D4000FFFC3820FCF7E8FC08BD000030380240BA
:105D500010B52C4803F024F82B4908602B4803F0B9
:105D60001FF82B49086000220121202002F09AFF31
:105D700028490860284A0021284803F091F828495A
:105D80000860284A0021284803F08AF8274908605B
:105D9000274A0021274803F083F827490860274A4B
:105DA0000021274803F07CF826490860264A002194
:105DB000264803F075F826490860264A002126483F
:105DC00003F06EF825490860254A0021254803F0B4
:105DD00067F825490860254A0021254803F060F846
:105DE00024490860244A0021244803F059F8244932
:105DF0000860244A0021244803F052F8234908602F
:105E000010BD00001CCF0008840000202CCF00082B
:105E10008800002058000020B4CD0008B96A0008AE
:105E20005C000020D8CD0008F96D0008600000205B
:105E3000FCCD00089D6A00086400002020CE000808
:105E4000E56B00086800002044CE0008CD6D000816
:105E50006C00002068CE0008CD6A000870000020A9
:105E60008CCE0008116E000874000020B0CE00082F
:105E70002170000878000020D4CE0008916A000844
:105E80007C000020F8CE0008C36A000880000020D3
:105E900000B587B0142102A8FAF73EFA00BF00202F
:105EA00001906F48006840F010006D490860084696
:105EB000006800F01000019000BF00BF00BF00208C
:105EC00001900846006840F0040008600846006839
:105ED00000F00400019000BF00BF00BF002001904F
:105EE0000846006840F0800008600846006800F03E
:105EF0008000019000BF00BF00BF00200190084655
:105F0000006840F0010008600846006800F00100E9
:105F1000019000BF00BF00BF00200190084600684C
:105F200040F0020008600846006800F0020001909E
:105F300000BF00BF00BF002001900846006840F08D
:105F4000080008600846006800F00800019000BFE3
:105F500000BF00227F214348FBF75EFD00224FF483
:105F600001714148FBF758FD00224CF603013F4800
:105F7000FBF752FD00224FF498513D48FBF74CFDD2
:105F8000012218213848FBF747FD7F2002900120AD
:105F9000039000200490059002A93248FBF73AFCD8
:105FA0001020029000200390049002A93148FBF7D2
:105FB00031FC4FF401700290012003900020049006
:105FC000059002A92848FBF725FC4CF60300029037
:105FD0000120039000200490059002A92348FBF7BC
:105FE00019FC4FF498500290012003900020049077
:105FF000059002A91E48FBF70DFC0C200290002022
:106000000390049002A91948FBF704FCF0200290C9
:106010004FF4041003900120049002A91348FBF7E9
:10602000F9FB182002901120039001200490002019
:10603000059002A90C48FBF7EDFB002205210A2080
:10604000FCF77EFB0A20FCF767FB002205211720E6
:10605000FCF776FB1720FCF75FFB07B000BD0000E4
:10606000303802400010024000040240000C0240A0
:10607000000802400000024010B50B480B490860C0
:106080000B484860002109488160C1604FF480419D
:106090000161002141618161C1610162FBF722FE62
:1060A00008B1FAF719FE10BD005400403C0700206B
:1060B000A086010010B50B480B4908600B484860EA
:1060C000002109488160C1604FF4804101610021D5
:1060D00041618161C1610162FBF704FE08B1FAF719
:1060E000FBFD10BD0058004090070020A086010075
:1060F00000B595B0002011901290139014900F905D
:1061000010901C2108A8FAF707F920216846FAF731
:1061100003F93748374908600920486000213548AD
:10612000816040F28F61C160002101614161816144
:10613000FCF79EFF08B1FAF7CFFD4FF480501190A5
:1061400011A92C48FDF74CF808B1FAF7C5FD29480C
:10615000FDF71DFC08B1FAF7BFFD00200F9010906D
:106160000FA92448FCF72AFF08B1FAF7B5FD602013
:106170000890002009900A900B900C900D900E90C2
:10618000002208A91B48FDF780FB08B1FAF7A4FD1F
:10619000042208A91748FDF778FB08B1FAF79CFD1F
:1061A000082208A91348FDF770FB08B1FAF794FD1F
:1061B0000C2208A90F48FDF768FB08B1FAF78CFD1F
:1061C0000020009001900290039004904FF4005042
:1061D00005900020079069460648FCF7B5FE08B117
:1061E000FAF77AFD0348FDF7F7FA15B000BD000095
:1061F00000000140A408002000B58BB0242102A8B3
:10620000FAF78AF8002000900190194819490860AF
:10621000002048600021174881604FF6FF71C1607F
:106220000021016181610320029000200390012080
:10623000049000200590082006900020079001207F
:1062400008900020099008200A9002A90948FDF74B
:106250004DF808B1FAF740FD002000900190694622
:106260000448FCF7ABFE08B1FAF736FD0BB000BDF1
:1062700000040040EC08002000B58BB0242102A8E7
:10628000FAF74AF80020009001901948194908606F
:10629000002048600021174881604FF6FF71C160FF
:1062A0000021016181610320029000200390012000
:1062B00004900020059008200690022007900120FD
:1062C00008900020099008200A9002A90948FDF7CB
:1062D0000DF808B1FAF700FD002000900190694622
:1062E0000448FCF76BFE08B1FAF7F6FC0BB000BDF2
:1062F000000800403409002000B58BB0242102A81A
:10630000FAF70AF80020009001901948194908602E
:10631000002048600021174881604FF6FF71C1607E
:10632000002101618161032002900020039001207F
:10633000049000200590082006900020079001207E
:106340000890002009900A9002A90A48FCF7CEFFA5
:1063500008B1FAF7C1FC0020009001906946054899
:10636000FCF72CFE08B1FAF7B7FC0BB000BD00003B
:10637000000C00407C09002000B58BB0242102A84D
:10638000F9F7CAFF002000900190194819490860E8
:10639000002048600021174881604FF6FF71C160FE
:1063A000002101614161816103200290002003907E
:1063B0000120049000200590069002200790012003
:1063C0000890002009900A9002A90A48FCF78EFF65
:1063D00008B1FAF781FC0020009001906946054859
:1063E000FCF7ECFD08B1FAF777FC0BB000BD00003C
:1063F00000040140C409002000B58BB000200790C4
:10640000089009900A901C216846F9F785FF2048FA
:1064100020490860A720486000211E48816044F69A
:106420001F61C160002101618161FCF721FE08B19B
:10643000FAF752FC4FF48050079007A91548FCF773
:10644000CFFE08B1FAF748FC1248FDF7A0FA08B1F0
:10645000FAF742FC6020009040F2DC5001900020EE
:1064600002900490002269460A48FDF70EFA08B12E
:10647000FAF732FC042269460648FDF706FA08B12D
:10648000FAF72AFC0348FDF7A7F90BB000BD00009E
:10649000004001400C0A002010B50B480B49086071
:1064A0004FF4E1304860002108488160C16001611B
:1064B0000C21416100218161C161FDF709FD08B135
:1064C000FAF70AFC10BD0000004C0040540A0020FE
:1064D00010B50B480B4908604FF4E13048600021CB
:1064E00008488160C16001610C2141610021816126
:1064F000C161FDF7EDFC08B1FAF7EEFB10BD00003D
:10650000001001409C0A002010B50B480B490860A0
:106510004FF4E1304860002108488160C1600161AA
:106520000C21416100218161C161FDF7D1FC08B1FD
:10653000FAF7D2FB10BD000000480040E40A00203A
:1065400000BFFEE700BFFEE700200CE0002106E0F0
:106550000022064B03EBC1031A544A1CD1B2802916
:10656000F6DB421CD0B20828F0DB7047D4010020D3
:1065700070B50B46CE1701EB5676C6F3C702CE17A1
:1065800001EB5676F610A1EBC606F4B20123A34048
:10659000DDB20E4B03EBC0039B5CDB430B4E06EB03
:1065A000C006B354094B03EBC0039B5C2B43074E5F
:1065B00006EBC006B354054B03EBC0039B5CDB4307
:1065C000024E06EBC006B35470BD0000D40100209B
:1065D00070B50A46CE1701EB5676C6F3C703CE1741
:1065E00001EB5676F610A1EBC606F4B20122A240EA
:1065F000D5B2054A02EBC002D25C2A43024E06EB3A
:10660000C006F25470BD0000D40100201CB5044641
:10661000002001908DF805406420022301AA782112
:1066200000900248FBF74AFC1CBD000090070020C8
:1066300030B5A3B005460C4640208DF80800224630
:1066400029460DF10900F9F74EFE64200090601C08
:1066500083B202AA78210248FBF730FC23B030BD98
:106660009007002010B5AE20FFF7D0FF0020FFF705
:10667000CDFF1020FFF7CAFF4020FFF7C7FF8120A2
:10668000FFF7C4FFCF20FFF7C1FFA120FFF7BEFF38
:10669000C820FFF7BBFFA620FFF7B8FFA820FFF731
:1066A000B5FF3F20FFF7B2FFD320FFF7AFFF002079
:1066B000FFF7ACFFD520FFF7A9FF8020FFF7A6FF6B
:1066C000D920FFF7A3FFF120FFF7A0FFDA20FFF7A3
:1066D0009DFF1220FFF79AFFDB20FFF797FF402076
:1066E000FFF794FF2020FFF791FF0220FFF78EFFB6
:1066F0008D20FFF78BFF1420FFF788FFA420FFF702
:1067000085FFA620FFF782FFAF20FFF77FFFFFF78F
:106710001BFF10BD30B5A1B000241CE004F1B00196
:10672000C8B2FFF773FF0020FFF770FF1020FFF7DC
:106730006DFF002507E00A4800EBC500005D01A9D8
:106740004855681CC5B2802DF5DB802101A8FFF7F4
:106750006FFF601CC4B2082CE0DB21B030BD00002C
:10676000D40100202DE9FF4F81B080460E461C4623
:1067700000962046E31704EB5373DB1021464FEAE3
:10678000E47C04EB5C7C4FEAEC0CA4EBCC0CBCF19D
:10679000000F02D04FF0010C01E04FF0000C6344F9
:1067A000224604EBD27C4FEA6C0C03FB0CF303F0A3
:1067B000FF0B03982038C7B2002547E00C2C07D107
:1067C00007EB4700234901EB800010F805A014E017
:1067D000102C05D1204800EB071010F805A00CE0A4
:1067E000182C07D107EBC7001C4901EB800010F8FB
:1067F00005A002E005B0BDE8F08F4FF000091FE0F2
:106800000AF0800020B131464046FFF7E1FE03E088
:1068100031464046FFF7ACFE4FEA4A604FEA106A45
:10682000701CC6B20098301AA04205D1009E08F133
:10683000010000F0FF0806E009F1010000F0FF0987
:10684000B9F1080FDCDB00BF681CC5B25D45B5DBE4
:1068500000BFCFE7E8B500085CBA00084CC00008EC
:10686000F0B506460F4614461D4613E022782B4627
:1068700039463046FFF776FF284605EBD07106EB28
:106880006101CEB2C5F18000B04202DA0026B81C28
:10689000C7B2641C2078202802DB20787E28E5DD42
:1068A000F0BD00009FED220A224880ED000A9FED16
:1068B000220A80ED010A9FED200A80ED020A40F6CF
:1068C000DB501C49C8619FED1A0A1C4880ED000A84
:1068D0009FED190A80ED010A9FED170A80ED020A6B
:1068E00040F6DB501549C8619FED110A144880ED50
:1068F000000A9FED110A80ED010A9FED0F0A80ED5D
:10690000020A40F6DB500E49C8619FED090A0D48A6
:1069100080ED000A9FED080A80ED010A9FED060A4E
:1069200080ED020A40F6DB500649C861704700005E
:106930008FC2A540380100206666E63E580100205F
:1069400078010020980100202DE9F04164212848B9
:10695000006802F0F4F9002848D1012001F0CCFFD2
:1069600024490860022001F0C7FF23490860032082
:1069700001F0C2FF21490860042001F0BDFF204959
:106980000860204A1B4801681F48006803F0F0F8BF
:1069900004462146012002F091F81C4A164801687D
:1069A0001B48006803F0E4F805462946022002F07F
:1069B00085F8184A114801681748006803F0D8F8AC
:1069C00006463146032002F079F8144A0C48016863
:1069D0001348006803F0CCF807463946042002F05B
:1069E0006DF80348006802F034FA00BFBDE8F0819A
:1069F0008800002020000020240000202800002023
:106A00002C00002038010020100000205801002038
:106A100014000020780100201800002098010020B8
:106A20001C00002070B505460026012425E0002248
:106A300002211648FAF7F0FF04EA050028B1012206
:106A400011461248FAF7E8FF04E0002201210F483E
:106A5000FAF7E2FF1020FAF71FF9012202210B4892
:106A6000FAF7DAFF04210948FAF7CEFF00B126430E
:106A70001020FAF711F96006040E002CD7DC012271
:106A800011460248FAF7C8FF304670BD000C0240BC
:106A900000BF012002F0A4F8FBE7000080220449B7
:106AA0000448FDF73CF800BF052002F099F8FBE729
:106AB000EB050020540A002000BF012002F090F8EE
:106AC000FBE700BF012002F08BF8FBE72DED028B06
:106AD00084B002F094F8039000BF002400250A213E
:106AE0003B48006802F02BF9E8BB012001F04AFFA7
:106AF00038490860022001F045FF3749086003204B
:106B000001F040FF35490860042001F03BFF3449A3
:106B10000860304890ED000AF8EEC00A2F4890ED6A
:106B2000000AB8EEC00A30EE800AF0EE000A80EEED
:106B3000201AB0EE418A284890ED000AF8EEC00A0B
:106B4000084690ED000AB8EEC00A30EE800AF0EE7A
:106B5000000A80EE201AF0EE418ABDEEC80A10EE5F
:106B6000100A04B200E009E0BDEEE80A10EE100AD7
:106B700005B21748006802F06CF900BF002600203B
:106B800001900290002C02DA0126604204B28DF8D6
:106B90000460200A8DF80500E0B28DF8060000269A
:106BA000002D02DA0126684205B28DF80760280A36
:106BB0008DF80800E8B28DF80900062201A901202D
:106BC00003F036F80A2103A803F028FA85E700004D
:106BD0008800002030000020340000203800002011
:106BE0003C0000202DED028B86B0FEF7D5FFFEF7AE
:106BF000D1FD61A001F01EF804F0D4F9029000BFAD
:106C000000BFFEF7DFFF60480078F0B901205E4961
:106C1000087003AA04A905A8FEF760FE05215B48D9
:106C2000006802F08CF880B99DED050A584880EDA7
:106C3000000A9DED040A80ED010A9DED030A80ED36
:106C4000020A5248006802F004F9DFED528A052179
:106C50004E48006802F073F840B94D4890ED020AC2
:106C6000F0EE408A4948006802F0F3F84A4800789C
:106C700030B10020484908704848C0ED008A76E0ED
:106C8000464890ED000A38EEC08AC0ED008A9FEDBC
:106C9000440AB4EEC08AF1EE10FA05DD9FED410A18
:106CA00038EE400AB0EE408A9FED3F0AB4EEC08A4B
:106CB000F1EE10FA05D29FED3B0A38EE000AB0EE75
:106CC000408ADFED3A0AB0EE600A3948007840B9F0
:106CD000384880ED008A384880ED008A0120344928
:106CE0000870DFED320A68EE200A324890ED001A93
:106CF000DFED321A41EE810AC0ED000AD0ED000A44
:106D00009FED2A1A60EE810A2B4890ED001ADFED04
:106D10002B1A41EE810AC0ED000AD0ED000AB0EE58
:106D2000608A9FED270A28EE000ABDEEC00A10EE29
:106D3000100A04B200200190002C05DA01208DF821
:106D40000400604204B202E000208DF80400200A32
:106D50008DF80500E0B28DF80600214619A000F07C
:106D600069FF032201A90A2002F062FF00BF0A2185
:106D700002A803F053F944E7494D5520696E697440
:106D800020646F6E650D0A0047000020840000201B
:106D9000B8010020000000008C00002090000020BE
:106DA000000034430000B443000034C39A99993E74
:106DB00094000020980000209C0000203333333FD3
:106DC0000000C84225640D0A0000000000BF012237
:106DD00004210848FAF720FE4FF4FA7001F000FF92
:106DE000002204210348FAF717FE4FF4FA7001F06D
:106DF000F7FEECE70004024008B501F000FF009048
:106E000000BFFFF7A1FD3221684603F007F9F8E75C
:106E10002DED048B8AB0FFF725FC002400BFFFF79F
:106E200093FB022424B1012C2FD0022C2CD159E049
:106E30000A215548006801F082FF28BB102353A2A5
:106E400000210846FFF70CFD52480368524853A141
:106E5000026802A800F0FEFE102302AA0221002010
:106E6000FFF7FEFC50480368504851A1026802A891
:106E700000F0F0FE102302AA04210020FFF7F0FC2E
:106E80004148006801F0E5FF76E00A213E480068CD
:106E900001F055FF28BB102348A200210846FFF748
:106EA000DFFC48480368484848A1026802A800F08F
:106EB000D1FE102302AA02210020FFF7D1FC47488F
:106EC0000368474847A1026802A800F0C3FE1023E8
:106ED00002AA04210020FFF7C3FC2B48006801F040
:106EE000B8FF49E064214348006801F028FF00280A
:106EF00041D1102340A200210846FFF7B1FC4148D0
:106F000090ED010A10EE101A0846F9F710FA41EC5C
:106F1000180B3C4890ED000A10EE101A0846F9F7DD
:106F200006FA41EC190B8DED008B53EC192B36A1B1
:106F300002A800F08FFE102302AA02210020FFF712
:106F40008FFC304890ED020A10EE101A0846F9F74F
:106F5000EEF941EC180B53EC182B2FA102A800F00E
:106F600079FE102302AA28210020FFF779FC21488E
:106F7000006801F06EFF00BF00BFFFF7CBFB3220BF
:106F800001F02EFE4BE7000088000020537065657D
:106F9000643A00002400002020000020464C3A25DE
:106FA000642046523A2564002C000020280000206E
:106FB000424C3A25642042523A256400546172677B
:106FC00065743A00140000201000002054464C3A2A
:106FD0002564205446523A25640000001C0000201D
:106FE0001800002054424C3A2564205442523A255D
:106FF00064000000840000204D5055363035303A92
:1070000000000000B8010020503A252E31662052C1
:107010003A252E3166000000593A252E31660000CF
:107020001CB5F9F7E9FC00BF6846F9F751FD64218A
:107030002D48006801F083FE002850D19DF8010022
:10704000102806D0202827D040280CD0802830D106
:1070500014E0532025490860254908602549086047
:107060002549086026E06FF0520020490860204959
:10707000086020490860204908601BE06FF05A0052
:107080001A4908605B201A490860404219490860A3
:107090005B20194908600DE05B20144908604042FC
:1070A000134908605B201349086040421249086098
:1070B00000E000BF00BF9DF80200102809D10020A9
:1070C0000A4908600A4908600A4908600A490860D4
:1070D00000E000BF00BF0448006801F0BAFE4B208A
:1070E00001F07EFDA0E700008800002010000020D5
:1070F00014000020180000201C00002010B54FF0E4
:10710000E020006903F03EFF012801D003F006FAF9
:1071100010BD000000B593B0302107A8F9F7FCF8C6
:10712000142102A8F9F7F8F800BF002001902448C4
:10713000006840F08050224908600846006800F06E
:107140008050019000BF00BF00BF002001901D488B
:10715000006840F480401B4908600846006800F45D
:107160008040019000BF00BF0120079000040890FC
:1071700002200D9041050E9104210F91A82110913C
:10718000022111910421129107A8FBF78DFC08B18F
:10719000F9F7A2FD0F200290022003900020049036
:1071A0004FF4A05005904FF480500690052102A89E
:1071B000FBF718FB08B1F9F78FFD13B000BD000015
:1071C00040380240007000400348006840F47000FE
:1071D000014908607047000088ED00E010B50348E1
:1071E000FCF743FA0248FCF740FA10BDC40900203E
:1071F0008C0B002010B502682B4B98420ED0B0F1DA
:10720000804F0BD0294B984208D0294B984205D08B
:10721000284B984202D0284B984203D122F07002AA
:107220004B681A43204B984220D0B0F1804F1DD0BC
:107230001E4B98421AD01E4B984217D01D4B9842B5
:1072400014D01D4B984211D01C4B98420ED01C4BB1
:1072500098420BD01B4B984208D01B4B984205D04C
:107260001A4B984202D01A4B984203D122F4407232
:10727000CB681A4322F080034C6943EA04028B680E
:10728000C3620B688362084B984202D00A4B984253
:1072900001D10B690363036843F004030360012316
:1072A0004361026010BD0000000001400004004086
:1072B00000080040000C0040000401400040014074
:1072C000004401400048014000180040001C0040FC
:1072D0000020004030B501F01F05012404FA05F339
:1072E000046A9C430462046A01F01F0502FA05F572
:1072F0002C43046230BD30B50C46816821F47F41D7
:1073000042EA032525432943816030BD0A4681684E
:1073100021F0700142F007031943816070470000BB
:1073200030B5026A056A25F0010505624368846983
:1073300024F0700424F003040D682C4322F00202B0
:107340008D682A43104DA84200D103E00F4DA8429A
:1073500006D100BF22F00802CD682A4322F00402C1
:10736000094DA84202D0094DA84207D123F48073E9
:1073700023F400734D692B438D692B434360846173
:107380004D684563026230BD0000014000040140C9
:1073900030B5026A056A25F0100505624368846904
:1073A00024F4E04424F440740D6844EA052422F0F7
:1073B00020028D6842EA0512124DA84200D103E076
:1073C000114DA84207D100BF22F08002CD6842EAE9
:1073D000051222F040020B4DA84202D00A4DA842ED
:1073E00009D123F4806323F400634D6943EA8503E4
:1073F0008D6943EA8503436084614D688563026259
:1074000030BD0000000001400004014030B5026AB8
:10741000056A25F4807505624368C46924F0700428
:1074200024F003040D682C4322F400728D6842EAB4
:107430000522124DA84200D103E0114DA84207D108
:1074400000BF22F40062CD6842EA052222F4806285
:107450000A4DA84202D00A4DA84209D123F4805314
:1074600023F400534D6943EA05138D6943EA05137C
:107470004360C4614D68C563026230BD00000140D5
:107480000004014030B5036A056A25F480550562A1
:107490004468C26922F4E04222F440720D6842EA74
:1074A000052223F400538D6843EA0533084DA842B2
:1074B00002D0084DA84204D124F480444D6944EA26
:1074C00085144460C2614D680564036230BD0000EC
:1074D000000001400004014030B50B461446026A2A
:1074E000056A25F001050562816921F0F00141EA94
:1074F000041122F00A021A438161026230BD30B5E4
:107500000B461446026A056A25F01005056281697A
:1075100021F4704141EA043122F0A00242EA031250
:107520008161026230BD000010B50248FCF74CFBDF
:1075300010BD0000540A002070B50446A56B002061
:10754000E8852846FCF73EFB70BD70B50646002571
:10755000B46B20684069C0F3C01594F8410021283D
:1075600005D125B10020E084204600F0C8F820684D
:107570004069C0F3801594F84200222805D125B156
:107580000020E085204600F074F8606C40F01000A8
:1075900060642046FCF716FB70BD70B50546AC6B09
:1075A0002868006800F48070002842D1E08500BFA0
:1075B00000BF21680C3151E8001F21F48070216860
:1075C0000C3141E80002002AF3D100BF00BF00BF28
:1075D0002168143151E8001F21F0010021681431A5
:1075E00041E80002002AF3D100BF00BF00BF2168BC
:1075F000143151E8001F21F040002168143141E8A6
:107600000002002AF3D100BF202084F84200206B42
:1076100001280ED100BF00BF21680C3151E8001FC6
:1076200021F0100021680C3141E80002002AF3D15A
:1076300000BF00206063206B012804D1A18D20468B
:10764000FCF7A6FA02E02046FCF770FD70BD70B5AD
:107650000546AC6B01206063206B012805D1A08D2D
:1076600041082046FCF794FA02E02046FCF75FFD53
:1076700070BD00BF00BF02680C3252E8002F22F438
:10768000907102680C3242E80013002BF3D100BF66
:1076900000BF00BF0268143252E8002F22F001013F
:1076A0000268143242E80013002BF3D100BF016BD3
:1076B00001290ED100BF00BF02680C3252E8002F32
:1076C00022F0100102680C3242E80013002BF3D1C3
:1076D00000BF202180F8421000210163704710B5DF
:1076E00004462068C06820F040002168C86020205F
:1076F00084F841002046FCF77AFD002010BD00BF51
:1077000000BF02680C3252E8002F22F0C00102686C
:107710000C3242E80013002BF3D100BF202180F887
:1077200041107047F8B504460025002694F8420041
:10773000222873D1A068B0F5805F0BD1206948B9C9
:10774000A66A20684068C0F308003080A06A801CE8
:10775000A06214E0A56AA068B0F5805F03D0A068BD
:1077600028B9206918B920684068287004E02068AA
:10777000406800F07F002870A06A401CA062E08D85
:10778000401E80B2E085002846D12068C06820F005
:1077900020002168C8602068C06820F480702168DB
:1077A000C8602068406920F00100216848612020FD
:1077B00084F8420000206063206B012826D100205D
:1077C000206300BF00BF21680C3151E8001F21F089
:1077D000100021680C3141E80002002AF3D100BFFB
:1077E0002068006800F0100010280AD100BF0020B7
:1077F000009020680068009020684068009000BFFA
:1078000000BFA18D2046FCF7C3F902E02046FCF73B
:107810008DFC0020F8BD01E00020FBE70220F9E725
:107820002DE9F84F04462068006920F44050E168D3
:107830000843216808612169A06808436169084319
:10784000E169084300902068C06849F20C618843F0
:10785000009908432168C8602068406920F440709E
:10786000A16908432168486176492068884203D0AD
:1078700075492068884203D1FBF7AEF8814602E0E3
:10788000FBF79AF88146E069B0F5004F6CD1022011
:107890006168A0FB015003461920A9FB0070014656
:1078A0002A463846F8F7EEFC6421B0FBF1F04FEAC7
:1078B000001A02206168A0FB01510B461920A9FBA8
:1078C00000712A463846F8F7DDFC834602206168DD
:1078D000A0FB015003461920A9FB00712A46384637
:1078E000F8F7D0FC6421B0FBF1F000EBC00101EB34
:1078F0000010ABEB8000322101EBC0006421B0FB33
:10790000F1F000F0F8000AEB400A02206168A0FBE9
:10791000015003461920A9FB007001462A4638464B
:10792000F8F7B0FC834602206168A0FB01500346D3
:107930001920A9FB00712A463846F8F7A3FC6421F8
:10794000B0FBF1F000EBC00101EB0010ABEB8000ED
:10795000322101EBC0006421B0FBF1F000F0070020
:107960005044216888606AE004206168A0FB0150EF
:1079700003461920A9FB007001462A463846F8F74D
:1079800081FC824604206168A0FB01500346192057
:10799000A9FB007001462A463846F8F773FC6421BB
:1079A000B0FBF1F000EBC00101EB0010AAEB80008E
:1079B000322101EB00106421B0FBF1F000F0F00A7D
:1079C00004206168A0FB017003461920A9FB005147
:1079D0003A462846F8F756FC6421B0FBF1F00AEB72
:1079E000001A04206168A0FB01510B461920A9FB75
:1079F00000712A463846F8F745FC83460420616842
:107A0000A0FB015003461920A9FB007001462A463D
:107A10003846F8F737FC6421B0FBF1F000EBC00109
:107A200001EB0010ABEB8000322101EB0010642170
:107A3000B0FBF1F000F00F00504421688860BDE811
:107A4000F88F0000001001400014014077B581B0AC
:107A5000044615460298A062A58500206064222095
:107A600084F842002C48E16BC8632C48E16B086441
:107A70002B48E16BC8640020E16B086502AE3268F8
:107A80002368191D2B46E06BF9F75AFE38B1102018
:107A90006064202084F84200012004B070BD00BF63
:107AA00000200090206800680090206840680090E6
:107AB00000BF00BF206970B100BF00BF21680C315A
:107AC00051E8001F41F4807021680C3141E8000248
:107AD000002AF3D100BF00BF00BF2168143151E874
:107AE000001F41F001002168143141E80002002A22
:107AF000F3D100BF00BF00BF2168143151E8001F5F
:107B000041F040002168143141E80002002AF3D11D
:107B100000BF0020C1E700009B7500084F760008F9
:107B20004B750008014691F84100212828D188684A
:107B3000B0F5805F0BD1086948B90A6A1088C0F3B4
:107B400008000B685860086A801C086205E00B6A30
:107B5000581C086218780B685860C88C401E80B2A8
:107B6000C88458B90868C06820F080000B68D860E5
:107B70000868C06840F040000B68D860002070477B
:107B80000220FCE72DE9F84304460D4617469846C7
:107B9000089E31E0701C70B3F9F744FFA0EB0800B9
:107BA000B04200D816B90320BDE8F8832068C06849
:107BB00000F00400F8B1802D1ED0402D1CD02068AC
:107BC0000068C0F3C000B0B100BF00200090206882
:107BD0000068009020684068009000BF00BF204609
:107BE000FFF747FD0820606400BF002084F84000D4
:107BF00000BF0120D8E7FFE7206800682840A842BE
:107C000001D1012000E00020B842C3D00020CBE722
:107C100010B50248FBF7D8FF10BD00009C0A0020F9
:107C200010B50248FBF7D0FF10BD0000E40A0020A9
:107C300000BFFEE70FB4054B10B503A9044A029834
:107C400000F0A6FA10BC5DF814FB0000118A0008D1
:107C5000A00000200FB4084B10B504A902AA039895
:107C600000F096FA044602A9002000F014FE204617
:107C700010BC5DF814FB0000978800084100080262
:107C800018BF04200A0E18BF40F001004FF07F42D9
:107C900032EA010108BF40F00200012808BF0520B8
:107CA0007047000002480068C0F3022070470000DF
:107CB0000CED00E010B5002804DB0A07130E054A9E
:107CC000135406E00A07140E034A00F00F031B1FAB
:107CD000D45410BD00E400E018ED00E0EFF305809F
:107CE0007047000070B54FF068422DED048BF0EE48
:107CF000408A18EE900AB0EE608A18EE101A02EB75
:107D00004003B3F1654F3CBF02EB4102B2F1654F56
:107D10007DD200BFC0F3C753C1F3C7529A1A1B2AC2
:107D200009DD10F0004F14BF9FED830A9FED830A19
:107D3000BDEC048B70BD12F11A0F36DA11F0004F52
:107D400009D010F0004F0CBF9FED7D0A9FED7D0A1A
:107D5000BDEC048B70BD88EE889A19EE100AFFF70F
:107D60008DFF042808BF00F033F918EE900AFFF7E2
:107D700085FF054618EE100AFFF780FF044619EE4E
:107D8000100AFFF77BFF042D18BF052D08D1042C26
:107D900018BF052C04D1002804BF022000F030F9E0
:107DA000B0EE490ABDEC048B70BD4200B2EB410F4E
:107DB0003AD910F0004F19BFDFED630A9FED630A57
:107DC000DFED630A9FED630AB0EE481A0A46B1EE92
:107DD000688A80F00041F0EE418A10460A1A52008B
:107DE000B2F1807F34D2484010F0004FDFED5A1AD4
:107DF0009FED5A2A1DBFBEEE001A70EEE10A30EE6A
:107E0000420AB6EE001A08BF70EEA10A00E040E098
:107E100008BF30EE020AB0EE682A01EE482A08EEEA
:107E2000818AC2EE081A15E011F0004F04BF9FEDE1
:107E30004C0AF0EE400AD1D010F0004F19BFDFED30
:107E4000490A9FED490ADFED490A9FED490AC5E756
:107E5000C8EE881A21EEA11A9FED462ADFED462AC8
:107E600041EE022A9FED452A01EE222ADFED442A47
:107E700041EE022A9FED432ABDEC048B01EE222A3B
:107E800021EE811A01EE020A30EE210A30EE200ABC
:107E900070BD4FF07F42B2EB400F28BFB2EB410FF5
:107EA00009D2F0EE480AB0EE680ABDEC048BBDE8DA
:107EB000704000F08AB840EA01035B0008BF41F05F
:107EC000FF410BD0B2EB400F08BFB2EB410F08D11E
:107ED00020F0804008EE900A21F0804108EE101A50
:107EE00018E7B2EB400F12BF5FEA410340F0FF40DA
:107EF00001F000413FF40EAFB2EB410F12BF5FEA59
:107F0000400200F0004041F0FF413FF403AF4A005F
:107F100092EA40033FF5FEAE002AACBF9FED1A0A7D
:107F20009FED1A0A68EE808A28EE008A18EE900A01
:107F300018EE101AEEE60000DB0FC9BFDB0FC93FD9
:107F4000DB0F4940DB0F49C00000C9BF22AAFDB9C1
:107F50000000C93F22AAFD390060ED3EC30ACE37BA
:107F600000000000000049C022AA7DBA000049407C
:107F700022AA7D3A2DAD65BD8FB8D53D0FB511BE96
:107F800061C84C3EA8AAAABE0000804F0000802F06
:107F900010B52DED028BB1EEC08A18EE100A20F05C
:107FA0000040C0F1FF40C00F0AD010EE100A20F0D0
:107FB0000040C0F1FF40C00F04BF012000F020F8D6
:107FC000B0EE480ABDEC028B10BD30EE200A7047BF
:107FD0009FED020A20EE000A70470000000000102A
:107FE00002E008C8121F08C1002AFAD17047704782
:107FF000002001E001C1121F002AFBD170470000E0
:108000000149086070470000340100202DE9FF5F3E
:1080100082B00021DDE90430020DDDF840B00343F9
:1080200018D044F61050A2F2FF32424315141198B2
:1080300001281FD0A5EB0B00401C5FEA000A4FF09F
:1080400000064E4FDFF83891B046504615D5CAF1BC
:10805000000413E0119801244AA3012801D16FEA1A
:108060000B010298119AC0E90031C0E9024206B042
:10807000BDE8F09FCBF10000DFE704460021404A55
:10808000491842EB0450CDE9001012E0E00707D098
:1080900032463B4640464946F8F750FA8046894604
:1080A00032463B4610461946F8F748FA06460F4650
:1080B0006410002CEAD1DDE90401DDE90023BAF106
:1080C000000F06DAF8F73AFA42464B46F8F736FA66
:1080D00005E0F8F7A5FA42464B46F8F7A1FA044640
:1080E0000E460022284BF8F735F903D84FF0FF3041
:1080F000014607E00022254B20463146F8F777F984
:10810000F8F7FDFA102409E0002C0ADB0A2200230C
:10811000F8F7B8F8039B30321A55641E50EA010292
:10812000F2D1641C039AC4F111031444119A012A78
:1081300003D0012208430DD10AE0084304D00020F7
:108140004FF0110B119072E7A3EB0B056D1E0DE0C4
:108150005B4504DD4FF0000205F1010504E003DAA0
:108160004FF00002A5F10105002AECD00298119908
:10817000C0E90231C0E9004579E700000000144081
:108180000000F03F300000000000F0430000E03F3E
:108190002DE9FF4F95B09A46884606460025EEE148
:1081A000252877D100242746F94A0121039400E0CD
:1081B000044316F8013F203B01FA03F01042F7D1C7
:1081C00030782A2811D06FF02F033078A0F13002D8
:1081D000092A16D8039A44F0020402EB820203EB48
:1081E00042021044761C0390EFE758F8042B0392E8
:1081F000002A03DA504244F40054039044F002048D
:10820000761C30782E2816D116F8010F44F004049D
:108210002A280DD06FF02F023078A0F13003092BFF
:1082200009D807EB870302EB4303C718761CF3E773
:1082300058F8047B761C30786C280FD006DC4C286C
:1082400017D068280DD06A2814D104E0742810D003
:108250007A280FD10DE044F400140AE044F48014AD
:1082600001E044F440147278824202D104F5801493
:10827000761C761C307866280BD013DC582877D013
:1082800009DC002875D04528F6D04628F4D04728C8
:108290001AD193E118E0632835D0642879D0652895
:1082A00012D18BE1702873D008DC6728F1D06928DF
:1082B0006FD06E280DD06F2806D1ACE073282CD07B
:1082C000752874D0782853D05246179990476D1C62
:1082D00054E1C4F30250022809D003280DD0D8F885
:1082E000001004280DD00D6008F1040846E1D8F80C
:1082F0000010EA17C1E90052F6E7D8F800100D8027
:10830000F2E70D70F0E718F8041B8DF8001000205C
:108310008DF80100EB46012003E058F804BB4FF054
:10832000FF3061074FF0000102D40DE009F10101B7
:108330008946B9420FDA8145F8DB1BF8091000299C
:10834000F4D108E009F1010189468142FADB1BF80A
:1083500009100029F6D103985346A0EB09072146DE
:108360003846179A00F080FA284400EB090507E028
:1083700044E008E10DE01BF8010B524617999047C5
:10838000B9F10109F7D2534621463846179AF2E06F
:1083900039E00A21C4F302524FF0000B0091022A87
:1083A00006D058F8040BC117032A09D00AE023E0CD
:1083B00008F1070020F00702F2E80201904605E00C
:1083C00000B2C117042A01D140B2C117002906DA50
:1083D0000A460021404261EB02012D2202E0220503
:1083E00004D52B228DF80420012203E0E20701D0FE
:1083F0002022F7E7914657E00A2100E010214FF0D4
:10840000000B00910BE010214FF0000B44F004042E
:108410000827009103E008204FF0000B0090C4F300
:108420000252022A05D058F8040B0021032A08D072
:1084300008E008F1070020F00702F2E80201904688
:1084400003E080B2042A00D1C0B24FF00009220735
:108450002AD53278702A07D0DDF800C08CF0100CD5
:108460005CEA0B0C05D00EE040228DF804200122BE
:1084700008E050EA010306D030238DF804308DF86F
:10848000052002229146009B83F0080353EA0B0368
:108490000AD150EA010201D1620705D530228DF8D8
:1084A00004204FF001097F1E3278582A04D039A2E7
:1084B0000C920CAA02920BE03BA2F9E75B46009AF1
:1084C000F7F7E0FE0C9B9B5C029A521E029213701F
:1084D00050EA0102F2D1029804A9081A00F1200B17
:1084E000600702D524F4803400E001275F4502DDF7
:1084F000A7EB0B0000E0002000EB0B0100900398BD
:108500004944401A0390E00306D453462146179A83
:10851000039800F0A9F90544002706E001A8524697
:10852000C05D179990476D1C7F1C4F45F6DBE0033B
:108530000CD553462146179A039800F095F9054447
:1085400004E030205246179990476D1C0099481E50
:1085500000900029F5DC08E0029802995246007864
:10856000491C0291179990476D1CBBF10001ABF1BA
:10857000010BF1DC5BE100F065F90544761C307815
:1085800000287FF40DAE19B02846BDE8F08F00003A
:1085900009280100303132333435363738396162D9
:1085A000636465660000000030313233343536379D
:1085B000383941424344454600000000600700D47A
:1085C000062708F1070020F00700F0E802238046A4
:1085D00003F0004C5FEA0C0001D097A009E02005F1
:1085E00001D596A005E0E00701D095A001E0AFF22B
:1085F0004C001390307823F0004365280CD006DC43
:10860000452809D046281DD047287FD13BE0662861
:1086100018D067287AD136E00021112F01DB112014
:1086200000E0781CCDE9000104A90CA8FFF7EEFCDE
:10863000DDE90D010C9A4FF0000B07F101091092D2
:1086400000914EE04FF000400097CDE9011004A9E1
:108650000CA8FFF7DBFCDDE90D020C9B0F994FF036
:10866000000B91461093009211B9791C00EB01099F
:10867000B7EB090003D4C0F1FF3B07F10109A9EBF7
:108680000700019042E0012F00DA01270021112F9D
:1086900001DD112000E03846CDE9000104A90CA855
:1086A000FFF7B4FCDDE90D010C9A00914FF0000BCF
:1086B000B946109221070FD4009A4A4503DA914631
:1086C00001E0A9F10109B9F1010F05DD109AA9F145
:1086D0000101515C3029F4D0B84202DA10F1040FE4
:1086E00003DA0121CDE9011010E0002803DC834406
:1086F000A9EB000102E0411C494500DD8946A0EBE1
:108700000B00401C01904FF000400290200705D460
:108710000198484502DB4FF0FF30019000208DF8B2
:108720004B0002980DF14B07B0F1004F25D002200D
:108730000C902B200D90029800280CDA40420290F9
:108740002D200D9007E00A210298F7F71BFE30312B
:10875000029007F8011D0C99481E0C900029F2DCCC
:1087600002980028EFD1791E0D980870307800F03B
:10877000200040F0450007F8020D11A8C01BC01DE5
:1087800002901398007800B1012000EB09010198D4
:1087900001EBE071029801440398401A401E0390D7
:1087A000E00306D453462146179A039800F05CF87C
:1087B00005441398007818B15246179990476D1CDC
:1087C000E00323D553462146179A039800F04CF84E
:1087D00005441BE0BBF1000F07DB0098584504DDA2
:1087E0001098179910F80B0001E0179930205246A5
:1087F000904701980BF1010B401E05F10105019016
:1088000004D12E205246179990476D1CB9F10001F2
:10881000A9F10109DEDC05E017F8010B52461799B2
:1088200090476D1C0299481E02900029F4DC5346C3
:108830002146179A03989EE62D0000002B000000A9
:10884000200000002DE9F041044600251E46174691
:10885000880404D405E039462020B0476D1C641E0E
:10886000F9D52846BDE8F0812DE9F0410446002500
:108870001E469046C80301D5302700E02027880413
:1088800004D505E041463846B0476D1C641EF9D555
:108890002846BDE8F0810A68531C0B6010707047D1
:1088A00030B502460023002005E0145C5C40044D16
:1088B0002B5D441CE0B28842F7DB184630BD000057
:1088C000E8B4000810B53C210748FAF767FE3C21E0
:1088D0000648FAF763FE3C210548FAF75FFE3C21A3
:1088E0000448FAF75BFE10BDEC08002034090020B4
:1088F0007C090020C409002010B502460020002198
:10890000012A06D0022A0FD0032A18D0042A2CD11B
:1089100020E0174B1B68596A164B1B88CB1A18B2FC
:108920000BB2144C238020E0134B1B68596A114B87
:108930005B88CB1A18B20BB20E4C638015E00F4B5C
:108940001B68596A0B4B9B88CB1A18B20BB2094CA7
:10895000A3800AE00A4B1B68596A064BDB88CB1AD6
:1089600018B20BB2034CE38000BF00BF10BD000083
:10897000EC08002000000020340900207C090020C1
:10898000C409002010B5024600200021012A06D0AB
:10899000022A0FD0032A18D0042A2CD120E0174B2A
:1089A0001B68596A164B1B88CB1A18B20BB2144CB1
:1089B000238020E0134B1B68596A114B5B88CB1A4C
:1089C00018B20BB20E4C638015E00F4B1B68596A4E
:1089D0000B4B9B88CB1A18B20BB2094CA3800AE050
:1089E0000A4B1B68596A064BDB88CB1A18B20BB2CC
:1089F000034CE38000BF00BF10BD0000EC08002066
:108A000008000020340900207C090020C40900204F
:108A100013B50C4601231A4669460248FBF788FB4A
:108A200000981CBD9C0A0020F9F7D4FDFEF772FBEC
:108A3000FDF72EFAFDF748F9FDF75AFBFDF7DCFBD1
:108A4000FDF71AFCFDF758FCFDF742FDFDF794FC1D
:108A5000FDF7D2FCFDF720FDFDF70EFBFDF72AFB2D
:108A6000FDF752FDFDF7DCF8FDF712F901F056F8BD
:108A7000FFF728FFFDF716FF80220E490E48FBF78F
:108A80004EF80021012000F019F80021022000F02A
:108A900015F80021032000F011F80021042000F057
:108AA0000DF800F0B9F8FDF753F900F0CBF800BF6E
:108AB000FEE70000EB050020540A002070B50546D3
:108AC0000C46012D06D0022D23D0032D3FD0042DBE
:108AD00079D15AE0002C0BDD012211463B48F8F712
:108AE0009BFF00224FF400713948F8F795FF09E029
:108AF000002201213548F8F78FFF01225102344846
:108B0000F8F78AFF204600F067F8324909684863A1
:108B100059E0002C0ADD002210212C48F8F77CFFD8
:108B2000012208212948F8F777FF09E001221021E6
:108B30002648F8F771FF002208212448F8F76CFF57
:108B4000204600F049F823490968C8633BE0002C3F
:108B50000ADD012202211D48F8F75EFF00220421F0
:108B60001A48F8F759FF09E0002202211748F8F7E0
:108B700053FF012204211548F8F74EFF204600F06C
:108B80002BF81449096888631DE0002C0ADD0022D7
:108B900040210E48F8F740FF012220210B48F8F74A
:108BA0003BFF09E0012240210848F8F735FF002289
:108BB00020210648F8F730FF204600F00DF805495F
:108BC0000968086400BF00BF70BD000000100240CB
:108BD00000040240A4080020002800DA4042704748
:108BE00070B50546FFF77AF810B16FF0050404E0A0
:108BF000002415B1284601F0E3F9204670BD10B5F8
:108C0000FFF76CF818B102F0D3F9044602E002F065
:108C1000C9F90446204610BD10B5FFF75FF810B142
:108C20006FF0050409E00648006820B901200449F6
:108C30000860002401E04FF0FF34204610BD000022
:108C40000401002070B5FFF749F810B16FF005047A
:108C50001FE011480068012819D100BF801F0021C2
:108C6000002804DB0A07130E0C4A135406E00A0717
:108C7000150E0B4A00F00F031B1FD55400BF00BF99
:108C800002200549086001F0E9FA002401E04FF0F4
:108C9000FF34204670BD00000401002000E400E025
:108CA00018ED00E02DE9F84305460E4614464FF056
:108CB0000009FFF713F800283ED1002D3CD0002E0C
:108CC0003AD0471EBCB1A06858B1E068502808D31C
:108CD000206930B105FB06F06169814201D30127AB
:108CE0000AE0A06840B9E06830B9206920B960693D
:108CF00010B9002700E00027012F09D100200090C3
:108D000031462846A368226901F075FC814606E0D9
:108D10002FB900223146284601F040FC8146B9F1C6
:108D2000000F09D014B1D4F8008001E04FF0000822
:108D30004146484601F008F94846BDE8F8832DE968
:108D4000F04104460D4624F0010604F00108002716
:108D5000FEF7C4FF08B1BF1F1FE016B96FF003078D
:108D60001BE0B8F1000F0CD02946304602F006F89F
:108D7000012812D015B16FF001070EE06FF0020765
:108D80000BE02946304601F01DFF012805D015B142
:108D90006FF0010701E06FF002073846BDE8F0818F
:108DA0002DE9F04704460026FEF798FF00284DD134
:108DB0000CB1676800E0002707F0010008B1012549
:108DC00000E0002507F0080008283FD04FF0FF38EA
:108DD00074B1A06828B1E068502802D34FF00108B0
:108DE00008E0A06830B9E06820B94FF0000801E061
:108DF0004FF00008B8F1010F0CD12DB10420A1688B
:108E000001F0B7FB064612E00120A16801F0B1FBBA
:108E100006460CE0B8F1000F09D125B1042001F09D
:108E200097FB064603E0012001F092FB06464EB197
:108E300014B1D4F8009001E04FF0000949463046E3
:108E400001F082F816B10DB146F001063046BDE8DA
:108E5000F0872DE9F041044624F0010504F00107F4
:108E60000026FEF73BFF08B1B61F16E015B96FF0FC
:108E7000030612E03FB1284601F0CCFD01280CD0DA
:108E80006FF0020609E000231A461946284601F051
:108E90006FFC012801D06FF002063046BDE8F0817A
:108EA0002DE9FF4780468946144600200390FEF7CF
:108EB00015FF00284ED1B8F1000F4BD080261825A1
:108EC0008246471E44B3206808B1D4F800A0A069C8
:108ED00000B1A5692DB1382D03D8207900F001002B
:108EE00018B1002004B0BDE8F087606908B160697E
:108EF0008608A06840B1E0685C2805D3206918B1F5
:108F0000606908B1012708E0A06830B9E06820B9BD
:108F1000206910B9002700E00027012F0CD121693A
:108F2000A0684B463246CDE900510290514640467A
:108F300001F0C4FF03900DE067B903A8B2B24B463D
:108F40005146CDE90050404601F086FF012801D08E
:108F5000002003900398C5E72DE9F04105460E4631
:108F60001648076816480068001D00F0A1FE681C3E
:108F700038B936B112480168091D124800F0EEFEFA
:108F80001AE07C190E4800684460BC4207D20C48C5
:108F90000168091D0C48006800F0C6FE0CE0084896
:108FA0000168091D0948006800F0BEFE0848006815
:108FB000844201D206480460BDE8F081C800002068
:108FC000B4000020C4100020BC000020B800002025
:108FD000E400002010B5044600F0CCFE24480068F0
:108FE000401C234908602348006840B921480460B8
:108FF0000846006801280DD100F016FA0AE01E4864
:10900000006838B91B480068C06AE16A884201D824
:109010001848046019480068401C18490860084650
:10902000006860641649E06A0968884202D91449F8
:10903000E06A0860E16A01EB8101124A02EB8100FB
:10904000211D00F08BFE00F0BFFE0B48006868B1E8
:1090500008480068C06AE16A884207D24FF0805031
:1090600009490860BFF34F8FBFF36F8F10BD000039
:10907000C4000020B4000020D0000020E000002048
:10908000CC000020140C002004ED00E008B500F036
:1090900071FE12480068E8B9114800F035FE114829
:1090A00000F032FE0E48104908600E480F49086073
:1090B00000200F4B0F4A102100900A2001F09BFA6C
:1090C000064908600846006820B10BA10348006803
:1090D00000F03AFF00F078FE08BD0000F800002024
:1090E000D8100020EC100020F0000020F400002038
:1090F0000011002050110020546D7251000000003A
:1091000010B516E000F036FE0C48C068C468201D9B
:1091100000F0CEFD0A480068401E09490860094871
:109120000068401E0749086000F04EFE204600F02F
:109130005FF8044800680028E4D110BDB01000209A
:10914000C4000020C000002070B504460D46206C0D
:1091500070B1216CE0680144E160D4E902108842FA
:1091600001D32168E1602846226CE168F7F7BBF87B
:1091700070BD2DE9F04104460F4615464FF000083A
:10918000A66B206C48B9206800282CD1A06801F09B
:10919000BBFF80460020A06025E07DB93946226CE7
:1091A0006068F7F7A0F8216C606808446060D4E953
:1091B0000101884217D32068606014E03946226CB0
:1091C000E068F7F790F8216CE068411AE1602168E7
:1091D000E068884203D2216CA068411AE160022D48
:1091E00001D106B1761E701CA0634046BDE8F08137
:1091F00010B5044694F8590030B9206B00F002FE17
:10920000204600F0FFFD1AE094F85900012803D130
:10921000204600F0F7FD12E094F85900022801D131
:10922000012000E0002050B900BF502080F31188D9
:10923000BFF34F8FBFF36F8F00BF00BFFEE710BDBE
:1092400001464A6A22B10A6B1268C2F1380000E096
:10925000002070470146084A126812680AB90122C4
:1092600000E000220A600A6822B9034A1268D26844
:10927000106800E000207047F000002030B54FF487
:109280000043174800F007042CB1C01D20F0070070
:10929000134C041B1B1B0246124C22600024114D70
:1092A0006C60D018083820F007000F4C20600024B4
:1092B0000D4D2D686C600C4D2D682C601146441AC4
:1092C0004C60094C24680C60084D4C682C60084DBB
:1092D0004C682C604FF00044064D2C6030BD0000FF
:1092E000A81800200801002010010020180100200B
:1092F000140100202401002000BFFFF701FF0648F1
:1093000000680128F9D94FF0805004490860BFF384
:109310004F8FBFF36F8FF0E7140C002004ED00E0D7
:1093200010B5044654B10020A06020600021E16027
:1093300000231A461946204601F01AFA10BD2DE9FD
:10934000F04106460D4617469846069C0DB9246026
:1093500000E02760E66325640121204601F0BCF9A6
:1093600084F84C80BDE8F0812DE9F05F82460E461E
:1093700090469B460A9F0C9C4FEA8801A522206BD1
:10938000F6F7C3FFA8F10100216B01EB800929F07A
:10939000070909F0070008B9012000E0002050B9D2
:1093A00000BF502080F31188BFF34F8FBFF36F8F42
:1093B00000BF00BFFEE786B1002507E0715D04F144
:1093C00034004155705D00B902E06D1C102DF5D3DD
:1093D00000BF00214320015502E0002084F8340042
:1093E000382F00D33727E762E76400202065201D6F
:1093F00000F097FC04F1180000F093FC2461C7F121
:109400003800A06164620020606584F858005A4604
:109410005146484600F096FB20600B9808B10B9827
:109420000460BDE8F09F000010B5002407E004EBE5
:1094300084010F4A02EB810000F066FC641C382CAA
:10944000F5D30C4800F060FC0B4800F05DFC0B48C5
:1094500000F05AFC0A4800F057FC0A4800F054FC9F
:1094600004480949086004480849086010BD000024
:10947000140C002074100020881000209C10002084
:10948000B0100020C4100020B8000020BC00002054
:1094900010B50146164800E0006803688B42FBD314
:1094A0000246436813448B4204D143684C6823440A
:1094B000436001460A464B6813440468A34211D135
:1094C0000C4C03682468A34208D04B6804686468A5
:1094D00023444B6003681B680B6005E0054B1B6869
:1094E0000B6001E003680B60884200D0016010BD92
:1094F00008010020100100202DE9F04104460D462E
:1095000016461F464FF0000865602461B5420CD82E
:10951000F01BA169884202D34FF0010811E0211D20
:109520000948006800F000FC0BE0BE4204D2BD42D6
:1095300002D34FF0010804E0211D0448006800F048
:10954000F3FB4046BDE8F081F4000020F00000206D
:1095500070B5054600F00EFCA86B08B9012400E0C8
:10956000002400F031FC204670BD70B5054600F0C7
:1095700001FCA86BE96B884201D1012400E00024C2
:1095800000F022FC204670BDF8B505460F461A488B
:109590000068C068C468201D00F08AFB94F82800A9
:1095A00000F00400E8B1A06941192B463A46204674
:1095B000FFF7A2FFD8B1002003462A4601460090DB
:1095C000204601F04FFF064656B900BF502080F3F9
:1095D0001188BFF34F8FBFF36F8F00BF00BFFEE74F
:1095E00005E094F8280020F0010084F828002046C7
:1095F000216A8847F8BD0000F0000020F0B587B070
:10960000A0E00398002811DA04AE56B900BF50203C
:1096100080F31188BFF34F8FBFF36F8F00BF00BF80
:10962000FEE7D6E90020B168904700BF0398002804
:10963000E6DB059C606908B9012000E0002010B954
:10964000201D00F035FB02A800F0DEF80546039867
:109650000A2875D2DFE800F00905073941630608DA
:109660003A4200BF00BF00BF00BF94F8280040F09E
:10967000010084F828000498A269811803462A464C
:109680002046FFF739FFF8B12046216A884794F851
:10969000280000F00400B8B1002000900498A169EF
:1096A000421800231946204601F0DCFE074657B950
:1096B00000BF502080F31188BFF34F8FBFF36F8F2F
:1096C00000BF00BFFEE700BF3BE000BF94F82800EA
:1096D00020F0010084F8280033E000BF94F828004F
:1096E00040F0010084F828000498A061A06908B146
:1096F000012000E0002050B900BF502080F3118805
:10970000BFF34F8FBFF36F8F00BF00BFFEE7A069AD
:1097100041192B462A462046FFF7EEFE11E094F849
:10972000280000F0020018B9204600F06BFB05E0AD
:1097300094F8280020F0010084F8280001E0FFE7F9
:1097400000BF00BF002203A90448006801F086F9A9
:1097500000287FF456AF07B0F0BD0000F8000020ED
:10976000F8B505460C4600F0D5FD684600F04CF80B
:109770000646009820BB44B9B54206D801F0B4FDB6
:1097800031462846FFF700FF1CE03CB10E48006858
:10979000006808B9012000E000200446A91B224609
:1097A0000A48006800F0E6FB01F09EFD50B94FF05A
:1097B000805007490860BFF34F8FBFF36F8F01E000
:1097C00001F092FDF8BD0000F4000020F800002038
:1097D00004ED00E00A490968096809B9012100E0BF
:1097E000002121B14FF0FF31064A116006E0044923
:1097F0000968C968C868034A416811607047000079
:10980000B8000020E400002070B5044601F0CAFB57
:10981000054607480068854204D200F00BF8012095
:10982000206001E00020206001480560284670BDEE
:10983000000100202DE9F84334E025480068C068A5
:10984000056823480068C068C468201D00F030FA2D
:109850002046216A884794F8280000F0040008B3E5
:10986000A0694619AE4207D966602461211D1848D7
:10987000006800F059FA15E0002003462A46014628
:109880000090204601F0EEFD074657B900BF50207A
:1098900080F31188BFF34F8FBFF36F8F00BF00BFFE
:1098A000FEE700BF0A480068006808B9012000E030
:1098B00000200028C1D00648D0F800800548006884
:1098C000034908600348C0F80080BDE8F883000041
:1098D000F0000020F40000200E480068401C08B989
:1098E000012000E0002050B900BF502080F3118813
:1098F000BFF34F8FBFF36F8F00BF00BFFEE700BF06
:10990000502080F31188BFF34F8FBFF36F8F00BFDC
:1099100000BFFEE72801002008B500BF6846FFF73A
:1099200099FC044620460099FFF71AFFFFF766FEF0
:10993000F4E770B5044600F01DFA94F9455010E0C4
:10994000606A08B9012000E0002038B904F1240061
:1099500001F07EFC18B100F0D7FB00E003E0681EC8
:1099600045B2002DECDC00BFFF2084F8450000F07C
:109970002BFA00F0FFF994F9445010E0206908B97F
:10998000012000E0002048B904F1100001F060FC63
:1099900008B100F0B9FB681E45B200E001E0002DFF
:1099A000ECDC00BFFF2084F8440000F00DFA70BD2D
:1099B0002DE9F04104464FF0000800F0ABFC4948A7
:1099C000006808B9FFF75AFC4748006820400028A3
:1099D00070D1D4B1083404F00700B0B104F007002E
:1099E000C0F10800044404F0070008B9012000E0B9
:1099F000002050B900BF502080F31188BFF34F8F73
:109A0000BFF36F8F00BF00BFFEE7002C52D0374876
:109A1000006884424ED8364E3046056801E02E4636
:109A20002D686868A04202D228680028F7D12D4826
:109A3000006885423ED0306800F108082868306030
:109A40006868001B102819D92F1907F0070008B9FA
:109A5000012000E0002050B900BF502080F31188A1
:109A6000BFF34F8FBFF36F8F00BF00BFFEE7686883
:109A7000001B78606C603846FFF70AFD1B49686878
:109A80000968081A194908600846006819490968F0
:109A9000884203D215480068164908601249686870
:109AA0000968084368600020286013480068401C6B
:109AB0001149086001F018FC08F0070008B90120FE
:109AC00000E0002050B900BF502080F31188BFF3A0
:109AD0004F8FBFF36F8F00BF00BFFEE74046BDE86A
:109AE000F08100001001002024010020140100205A
:109AF00008010020180100201C0100200648006811
:109B000030B10549096801F15000096D491C016037
:109B10000148006870470000B400002010B5002123
:109B20000748F9F769FF04210548F9F765FF08219F
:109B30000348F9F761FF0C210148F9F75DFF10BDFB
:109B4000A4080020001F4FF080730360001F21F065
:109B500001030360001F054B036014380260001FFF
:109B60006FF002030360203870470000D9980008A6
:109B700030B503460C460021002000EE900A9FED10
:109B8000291AB0EE410A191B106908441061D06807
:109B9000081A00EE900AD160D5691069A84202DD6A
:109BA000D069106107E0D5696D421069A84202DAF8
:109BB000D06940421061D2ED011A92ED041AB8EE5C
:109BC000C11A61EE811A92ED002A01EE101AF8EE28
:109BD000C12AB0EE611A02EE221AD2ED021AB8EED4
:109BE000E02A01EE821AB0EE410A9FED0F1AB4EEA0
:109BF000C10AF1EE10FA04DD9FED0B1AB0EE410A36
:109C00000AE09FED0A1AB4EEC10AF1EE10FA03D28F
:109C10009FED061AB0EE410ABDEEC01A11EE100A11
:109C200030BD0000000000000000D2440000D2C49B
:109C3000F0B593B007460E461546482101A8F6F741
:109C40006BFB0024AA222146641C01A84254552221
:109C50002146641C4254A81DC2B22146641C01A8BE
:109C600042542146641C4754002006E0335C2146E0
:109C7000621CD4B201AA5354401CA842F6DB294608
:109C80003046FEF70DFE2146621CD4B201AA5054A4
:109C9000BB222046611CCCB201A90A544FF0FF330D
:109CA00022460248FAF744FA13B0F0BDE40A002055
:109CB00001460A69D1E901309860D1E90103586091
:109CC0005068884201D1886850600020086110689F
:109CD000401E106010687047034B0360034B0B601D
:109CE0008023136070470000F01100204C12002008
:109CF000034B0360034B0B604FF48073136070479A
:109D00004C140020A814002000F1080141604FF01D
:109D1000FF31816000F10801C16001610021016033
:109D2000704700210161704710B502460B685C1C4A
:109D30000CB9106907E002F1080000E040684468CF
:109D400024689C42FAD944684C604C68A1608860E1
:109D500041600A611468641C146010BD42684A6066
:109D600093688B60936859609160086103685B1C1D
:109D70000360704700BF502080F31188BFF34F8FFE
:109D8000BFF36F8F00BF0E480068401C0C4908608D
:109D900008460068012812D10A480068C0B208B914
:109DA000012000E0002050B900BF502080F311884E
:109DB000BFF34F8FBFF36F8F00BF00BFFEE7704749
:109DC0002801002004ED00E00D48006850B900BFF4
:109DD000502080F31188BFF34F8FBFF36F8F00BF08
:109DE00000BFFEE706480068401E054908600846B7
:109DF000006820B9002080F3118800BF00BF7047C1
:109E00002801002070B506463546002E44D0083D96
:109E10002C46224960680968084008B1012000E02A
:109E2000002050B900BF502080F31188BFF34F8F3E
:109E3000BFF36F8F00BF00BFFEE7206808B90120A5
:109E400000E0002050B900BF502080F31188BFF31C
:109E50004F8FBFF36F8F00BF00BFFEE70F496068F1
:109E600009680840C0B12068B0B90C496068096849
:109E70008843606000F04EFA094960680968084448
:109E8000074908602046FFF703FB06480068401CAE
:109E90000449086001F028FA70BD00002401002088
:109EA000140100202001002000204FF0E021086173
:109EB0008861064800684FF47A71B0FBF1F0401EEB
:109EC0004FF0E0214861072008617047B000002092
:109ED00070B5F6F7C1F90446102C16D304F1E02052
:109EE00090F8F05315480078854201DB012000E02E
:109EF000002050B900BF502080F31188BFF34F8F6E
:109F0000BFF36F8F00BF00BFFEE70D48006800F48D
:109F1000E0600C490968884201D8012000E0002077
:109F200050B900BF502080F31188BFF34F8FBFF3AB
:109F30006F8F00BF00BFFEE770BD00002C01002046
:109F40000CED00E030010020024600200BE0084B41
:109F500053F8303033B9064B43F8301003EBC003ED
:109F60005A6002E0401C0828F1D300BF704700008F
:109F7000D40B00202DE9F04105460E4617462C462D
:109F8000FFF7F8FE94F94400401C10B9002084F853
:109F9000440094F94500401C10B9002084F84500A5
:109FA000FFF712FFA06B28B93A46314604F12400AE
:109FB00000F0CCF82046FFF7BCFCBDE8F0810000C3
:109FC00070B504460025D4B11248006808B90120D4
:109FD00000E0002050B900BF502080F31188BFF38B
:109FE0004F8FBFF36F8F00BF00BFFEE700F092F905
:109FF00000212046FEF7B0FF01F076F905463DB995
:10A000004FF0805004490860BFF34F8FBFF36F8F4C
:10A0100070BD0000EC00002004ED00E02DE9F047E9
:10A0200004460F464FF0000954B900BF502080F39A
:10A030001188BFF34F8FBFF36F8F00BF00BFFEE7E4
:10A040000FB1012000E0002050B900BF502080F384
:10A050001188BFF34F8FBFF36F8F00BF00BFFEE7C4
:10A060002048006808B9012000E0002050B900BF76
:10A07000502080F31188BFF34F8FBFF36F8F00BF65
:10A0800000BFFEE700F046F9174806682068C519CA
:10A090002068B04207D92068A8420BD9B54209D937
:10A0A0004FF0010906E02068A84201D8B54201D965
:10A0B0004FF001092560B9F1000F03D0A81B002162
:10A0C000FEF74AFF01F010F98046B8F1000F07D102
:10A0D0004FF0805005490860BFF34F8FBFF36F8F7B
:10A0E000BDE8F087EC000020C800002004ED00E08F
:10A0F000034909680160034909684160704700002D
:10A10000DC000020C80000200120014908607047E1
:10A11000D800002070B504460D4654B900BF502049
:10A1200080F31188BFF34F8FBFF36F8F00BF00BF65
:10A13000FEE70548016818312046FFF7F5FD0121CB
:10A140002846FEF709FF70BDB400002070B5054633
:10A150000E46144655B900BF502080F31188BFF356
:10A160004F8FBFF36F8F00BF00BFFEE70648016847
:10A1700018312846FFF7F2FD0CB14FF0FF362146AB
:10A180003046FEF7E9FE70BDB40000202DE9F0472F
:10A1900006460F4634464FF00109002E55D0206D7B
:10A1A00050B900BF502080F31188BFF34F8FBFF329
:10A1B0006F8F00BF00BFFEE7E06CB84201D23D46A2
:10A1C00000E0E56CE06AA8423FD0206D01283CD158
:10A1D0001F480068844201D0012000E0002050B9EF
:10A1E00000BF502080F31188BFF34F8FBFF36F8FF4
:10A1F00000BF00BFFEE7D4F82C80E562A06900F044
:10A20000004010B9C5F13800A06108EB8801114A7F
:10A2100002EB81016069884201D1012000E0002049
:10A2200098B1201DFFF744FD0B49E06A0968884298
:10A2300002D90949E06A0860E16A01EB8101054A37
:10A2400002EB8100211DFFF789FDBDE8F0870000CA
:10A25000B4000020140C0020CC00002010B586B003
:10A2600000200590049003AA04A905A8FFF734FD77
:10A270000022DDE904101346CDE9002102901EA161
:10A280001F48039A00F01AFE1E490860084600683D
:10A2900008B1012400E00024012C02D101F0A6F84D
:10A2A0000446012C15D100BF502080F31188BFF364
:10A2B0004F8FBFF36F8F00BF4FF0FF301249086020
:10A2C00001201249086000201149086000F072F86E
:10A2D00010E0601C08B1012000E0002050B900BF70
:10A2E000502080F31188BFF34F8FBFF36F8F00BFF3
:10A2F00000BFFEE706B010BD49444C450000000019
:10A30000F9920008E8000020E4000020D0000020BE
:10A31000C800002002480068401C014908607047DE
:10A32000EC0000201E48006818B101201D4908609B
:10A3300034E000201B4908601B4801680CE051B95B
:10A3400000BF502080F31188BFF34F8FBFF36F8F92
:10A3500000BF00BFFEE7491E01EB8100134A52F81F
:10A36000200008B9012000E000200028E7D101EB1F
:10A3700081020E4B03EB820042685268426000F19A
:10A3800008024368934202D14268526842604268C0
:10A39000D268074B1A600448016000BF7047000094
:10A3A000EC000020D8000020CC000020140C00207D
:10A3B000B40000201CB5524800685249884201D0C0
:10A3C000012000E0002050B900BF502080F3118828
:10A3D000BFF34F8FBFF36F8F00BF00BFFEE748484A
:10A3E00000684849491E884201D0012000E0002051
:10A3F00050B900BF502080F31188BFF34F8FBFF3D7
:10A400006F8F00BF00BFFEE73F490846007801900C
:10A41000FF200A4610700846007800909DF8000062
:10A4200000F0F0009DF80020904201D1012000E0F2
:10A43000002050B900BF502080F31188BFF34F8F28
:10A44000BFF36F8F00BF00BFFEE79DF8000000F074
:10A4500050002E4A107007202D4A106009E02C4849
:10A460000068401E2A4A10609DF800004006000E59
:10A4700000909DF8000000F080008028EFD0244874
:10A480000068C0F10700042801D1012000E000208D
:10A4900050B900BF502080F31188BFF34F8FBFF336
:10A4A0006F8F00BF00BFFEE7194800680002184A1E
:10A4B00010601046008800F4E0601060124A0198B5
:10A4C00010700F482030006840F470000C492031B3
:10A4D00008600846006840F070400860FFF7E4FC40
:10A4E00000200C490860F5F77FFE0B48006840F03B
:10A4F000404009490860F5F763FE00201CBD0000DC
:10A5000000ED00E071C20F4100E400E02C010020EA
:10A51000300100202801002034EF00E010B500BF1A
:10A52000502080F31188BFF34F8FBFF36F8F00BFB0
:10A5300000F048FD18B14FF080500449086000BF9A
:10A54000002080F3118800BF10BD000004ED00E082
:10A550002DE9F04104460126002722460021012072
:10A5600000F01CF805462846FEF7DAFE2846BDE84E
:10A57000F0812DE9F84304460D4601274FF000080D
:10A580002B46002211460120009400F034F80646C4
:10A590003046FEF7C5FE3046BDE8F8832DE9F843A6
:10A5A00005460E4617460DB1012000E0002050B9C7
:10A5B00000BF502080F31188BFF34F8FBFF36F8F20
:10A5C00000BF00BFFEE705FB06F808F15000FFF7EB
:10A5D000EFF9044664B1A14609F15009002084F85E
:10A5E00046003B464A46314628460094FEF7A7FE01
:10A5F0002046BDE8F8832DE9F84380460E4617460D
:10A600001D46DDF82090B8F1000F01D0012000E0D8
:10A61000002050B900BF502080F31188BFF34F8F46
:10A62000BFF36F8F00BF00BFFEE70DB1012000E058
:10A63000002050B900BF502080F31188BFF34F8F26
:10A64000BFF36F8F00BF00BFFEE707B10EB101205F
:10A6500000E0002050B900BF502080F31188BFF304
:10A660004F8FBFF36F8F00BF00BFFEE707B90EB972
:10A67000012000E0002050B900BF502080F3118875
:10A68000BFF34F8FBFF36F8F00BF00BFFEE75020B7
:10A6900000900098502801D1012000E0002050B91E
:10A6A00000BF502080F31188BFF34F8FBFF36F8F2F
:10A6B00000BF00BFFEE700BF2C464CB1012084F86C
:10A6C00046004B463A46314640460094FEF737FE78
:10A6D0002046BDE8F883000070B505460E462C46BE
:10A6E00054B900BF502080F31188BFF34F8FBFF3E0
:10A6F0006F8F00BF00BFFEE7FFF73CFBD4E90F12EE
:10A70000206801FB0200A0600020A0632068606058
:10A71000E06B401E226C216800FB0211E160FF200B
:10A7200084F8440084F845009EB9206908B90120E6
:10A7300000E00020A8B904F1100000F089FD80B10C
:10A740004FF0805009490860BFF34F8FBFF36F8F00
:10A7500007E004F11000FFF7D7FA04F12400FFF737
:10A76000D3FAFFF731FB012070BD000004ED00E0DB
:10A770002DE9FF4383B0064688461D464FF0000989
:10A78000344654B900BF502080F31188BFF34F8F77
:10A79000BFF36F8F00BF00BFFEE7B8F1000F01D11C
:10A7A000206C08B9012000E0002050B900BF502003
:10A7B00080F31188BFF34F8FBFF36F8F00BF00BFCF
:10A7C000FEE7022D02D1E06B012801D1012000E05B
:10A7D000002050B900BF502080F31188BFF34F8F85
:10A7E000BFF36F8F00BF00BFFEE700F0CBFB08B9DF
:10A7F000059808B9012000E0002050B900BF5020A2
:10A8000080F31188BFF34F8FBFF36F8F00BF00BF7E
:10A81000FEE700BFFFF7AEFAA06BE16B884201D301
:10A82000022D28D12A4641462046FEF7A2FC0746C3
:10A83000606A08B9012000E0002068B904F1240032
:10A8400000F006FD88B14FF0805032490860BFF338
:10A850004F8FBFF36F8F08E03FB14FF080502D490D
:10A860000860BFF34F8FBFF36F8FFFF7ADFA012082
:10A8700007B0BDE8F083059818B9FFF7A5FA0020E6
:10A88000F6E7B9F1000F04D101A8FFF731FC4FF052
:10A890000109FFF799FAFFF73DFDFFF76BFA94F90D
:10A8A0004400401C10B9002084F8440094F945008D
:10A8B000401C10B9002084F84500FFF785FA05A96F
:10A8C00001A800F083FAF0B92046FEF74EFEA0B1D1
:10A8D00004F110000599FFF71DFC2046FFF729F849
:10A8E00000F002FD002895D14FF080500949086022
:10A8F000BFF34F8FBFF36F8F8CE72046FFF719F838
:10A9000000F0F2FC86E72046FFF713F800F0ECFCBD
:10A910000020ADE704ED00E02DE9F84F07468A4638
:10A9200090461E463C4654B900BF502080F3118823
:10A93000BFF34F8FBFF36F8F00BF00BFFEE7BAF1C9
:10A94000000F01D1206C08B9012000E0002050B9AF
:10A9500000BF502080F31188BFF34F8FBFF36F8F7C
:10A9600000BF00BFFEE7022E02D1E06B012801D13B
:10A97000012000E0002050B900BF502080F3118872
:10A98000BFF34F8FBFF36F8F00BF00BFFEE7FFF72E
:10A990009FFA00BF5021EFF3118081F31188BFF3BC
:10A9A0004F8FBFF36F8F00BF0546A06BE16B8842EE
:10A9B00001D3022E25D194F945B0A06B0090324608
:10A9C00051462046FEF7D5FB0BF1010088B9606ABD
:10A9D00008B9012000E0002050B904F1240000F083
:10A9E00037FC28B1B8F1000F02D00120C8F80000F0
:10A9F00004E00BF1010040B284F845004FF001097A
:10AA000001E04FF0000900BF85F3118800BF484600
:10AA1000BDE8F88F70B505462C4654B900BF5020EC
:10AA200080F31188BFF34F8FBFF36F8F00BF00BF5C
:10AA3000FEE700F0A1FAA16888420CD1E068401E50
:10AA4000E060E06828B900231A4619462046FFF75F
:10AA50008FFE012600E00026304670BD2DE9F7414B
:10AA600083B005460E464FF000082C4654B900BF8F
:10AA7000502080F31188BFF34F8FBFF36F8F00BF5B
:10AA800000BFFEE70EB9206C08B9012000E00020ED
:10AA900050B900BF502080F31188BFF34F8FBFF330
:10AAA0006F8F00BF00BFFEE700F06CFA08B9059891
:10AAB00008B9012000E0002050B900BF502080F309
:10AAC0001188BFF34F8FBFF36F8F00BF00BFFEE74A
:10AAD00000BFFFF74FF9A76BF7B131462046FEF7ED
:10AAE00033FB781EA063206908B9012000E0002034
:10AAF00060B904F1100000F0ABFB38B14FF08050AA
:10AB00002F490860BFF34F8FBFF36F8FFFF75CF9DA
:10AB1000012006B0BDE8F081059818B9FFF754F997
:10AB20000020F6E7B8F1000F04D101A8FFF7E0FA22
:10AB30004FF00108FFF748F9FFF7ECFBFFF71AF9B0
:10AB400094F94400401C10B9002084F8440094F9A2
:10AB50004500401C10B9002084F84500FFF734F987
:10AB600005A901A800F032F9F0B92046FEF7F0FC83
:10AB7000A0B104F124000599FFF7CCFA2046FEF7B6
:10AB8000D8FE00F0B1FB0028A3D14FF080500C4953
:10AB90000860BFF34F8FBFF36F8F9AE72046FEF731
:10ABA000C8FE00F0A1FB94E72046FEF7C2FE00F0CD
:10ABB0009BFB2046FEF7CCFC00288AD00020A8E7AB
:10ABC00004ED00E02DE9F34182B005464FF00008A6
:10ABD0002C46002654B900BF502080F31188BFF3E3
:10ABE0004F8FBFF36F8F00BF00BFFEE7206C08B927
:10ABF000012000E0002050B900BF502080F31188F0
:10AC0000BFF34F8FBFF36F8F00BF00BFFEE700F0B1
:10AC1000B9F908B9039808B9012000E0002050B93B
:10AC200000BF502080F31188BFF34F8FBFF36F8FA9
:10AC300000BF00BFFEE700BFFFF79CF8A76BFFB1A6
:10AC4000781EA063206810B9FEF758FFA060206945
:10AC500008B9012000E0002060B904F1100000F004
:10AC6000F7FA38B14FF0805043490860BFF34F8F77
:10AC7000BFF36F8FFFF7A8F8012004B0BDE8F081A3
:10AC8000039898B90EB9012000E0002050B900BF28
:10AC9000502080F31188BFF34F8FBFF36F8F00BF39
:10ACA00000BFFEE7FFF790F80020E6E7B8F1000FDD
:10ACB00004D16846FFF71CFA4FF00108FFF784F84B
:10ACC000FFF728FBFFF756F894F94400401C10B931
:10ACD000002084F8440094F94500401C10B900207D
:10ACE00084F84500FFF770F803A9684600F06EF895
:10ACF00040BB2046FEF72CFCF0B1206838B9FFF7C6
:10AD000039F8A06800F052FA0646FFF75DF804F142
:10AD100024000399FFF7FEF92046FEF70AFE00F033
:10AD2000E3FA002888D14FF0805013490860BFF340
:10AD30004F8FBFF36F8F7FE72046FEF7FAFD00F0DD
:10AD4000D3FA79E72046FEF7F4FD00F0CDFA20466D
:10AD5000FEF7FEFB0028EED05EB1FFF70BF82046B1
:10AD6000FEF76EFA07463946A068FFF70FFAFFF7BD
:10AD70002BF8002081E7000004ED00E02DE9F04110
:10AD800006460F46344654B900BF502080F3118860
:10AD9000BFF34F8FBFF36F8F00BF00BFFEE700F020
:10ADA000EBF8A168884204D1E068401CE06001250E
:10ADB00008E039462046FFF705FF054615B1E06873
:10ADC000401CE0602846BDE8F081000070B50546F3
:10ADD0000C4655B900BF502080F31188BFF34F8F48
:10ADE000BFF36F8F00BF00BFFEE754B900BF502014
:10ADF00080F31188BFF34F8FBFF36F8F00BF00BF89
:10AE0000FEE7FEF7B7FF124802686868131A206869
:10AE1000401C08B9002617E00E49286809688842D6
:10AE200004D06868904201D801260DE0206898425D
:10AE300007D92068C01A20602846FFF759F9002674
:10AE400002E0002020600126FEF7BEFF304670BD04
:10AE5000C8000020DC0000202DE9FF4F85B08046AF
:10AE600089461746DDE912ABB800FEF7A1FD06469C
:10AE700056B15C20FEF79CFD04460CB1266304E04D
:10AE80003046FEF7BFFF00E000248CB1002084F8BC
:10AE90005900CDE900ABCDE902403A46494640466B
:10AEA000089BFEF761FA2046FEF794F8012501E0C1
:10AEB0004FF0FF35284609B0BDE8F08F2DE9F04F7F
:10AEC00085B00746884691469A46DDE90EB6109C45
:10AED0000EB1012000E0002050B900BF502080F3E7
:10AEE0001188BFF34F8FBFF36F8F00BF00BFFEE726
:10AEF0000CB1012000E0002050B900BF502080F3C9
:10AF00001188BFF34F8FBFF36F8F00BF00BFFEE705
:10AF10005C20039003985C2801D1012000E0002010
:10AF200050B900BF502080F31188BFF34F8FBFF39B
:10AF30006F8F00BF00BFFEE700BFB4B1AEB12546C2
:10AF40002C462E63022085F85900002004A95346A0
:10AF50004A46CDE900B1CDE9025041463846FEF7F8
:10AF600003FA2846FEF736F801E000200490049822
:10AF700005B0BDE8F08F0000014908687047000087
:10AF8000B40000200549096809B9012005E0044919
:10AF9000096809B9022000E000207047D0000020B5
:10AFA000EC0000200149086870470000C80000203C
:10AFB00070B5FEF78DFF002501480468204670BD7E
:10AFC000C80000202DE9F0414FF000084348006818
:10AFD00000287BD142480068451C4148056015BBEC
:10AFE00040480068006808B9012000E0002050B91E
:10AFF00000BF502080F31188BFF34F8FBFF36F8FD6
:10B0000000BF00BFFEE7374807683748006835498A
:10B0100008603548076035480068401C33490860BF
:10B02000FEF7D8FB00BF3248006885423BD300BF23
:10B030002C480068006808B9012000E0002020B119
:10B040004FF0FF302A4908602CE026480068C068AD
:10B05000C4686668B54202D22548066022E0201D19
:10B06000FEF726FEA06A18B104F11800FEF720FED4
:10B070002049E06A0968884202D91E49E06A0860EE
:10B08000E16A01EB81011C4A02EB8100211DFEF700
:10B0900065FE1A49E06A0968C96A8842C8D34FF058
:10B0A0000108C5E700BF15480068C06A00EB8000D2
:10B0B000114951F82000012801D94FF0010810482A
:10B0C000006808B14FF0010805E0FFE70D4800688F
:10B0D000401C0C4908604046BDE8F081EC000020AF
:10B0E000C8000020B8000020BC000020DC000020C8
:10B0F000E4000020CC000020140C0020B40000204C
:10B10000D8000020D400002070B505462C4600264B
:10B11000002D43D022480068844201D1012000E084
:10B12000002050B900BF502080F31188BFF34F8F2B
:10B13000BFF36F8F00BF00BFFEE7206D50B900BFA7
:10B14000502080F31188BFF34F8FBFF36F8F00BF84
:10B1500000BFFEE7206D401E2065E16CE06A88427A
:10B160001CD0206DD0B9201DFEF7A2FDE06CE0627E
:10B17000E06AC0F13800A0610A49E06A09688842C3
:10B1800002D90849E06A0860E16A01EB8101064AD8
:10B1900002EB8100211DFEF7E1FD0126304670BD66
:10B1A000B4000020CC000020140C002070B505462F
:10B1B0002C460026002D42D02249E06A0968C96A5F
:10B1C000884235D2A06900F0004028B91D480068C7
:10B1D000C06AC0F13800A061E16A01EB81011A4A3E
:10B1E00002EB81016069884201D1012000E000206A
:10B1F000C0B1201DFEF75CFD12480068C06AE06225
:10B200001249E06A0968884202D91049E06A086078
:10B21000E16A01EB81010C4A02EB8100211DFEF77E
:10B220009DFD03E007480068C06AE062012606E071
:10B230000449E06C0968C96A884200D20126304698
:10B2400070BD0000B4000020140C0020CC000020D1
:10B2500070B50646F068C46854B900BF502080F34A
:10B260001188BFF34F8FBFF36F8F00BF00BFFEE7A2
:10B2700004F11800FEF71CFD15480068A0B9201D58
:10B28000FEF716FD1349E06A0968884202D91149A0
:10B29000E06A0860E16A01EB81010F4A02EB81007C
:10B2A000211DFEF75BFD04E004F118010B48FEF7D9
:10B2B00055FD0B49E06A0968C96A884204D901252D
:10B2C00001200849086000E00025284670BD000004
:10B2D000EC000020CC000020140C00209C1000206A
:10B2E000B4000020D800002070B5002400263648A5
:10B2F000006850B900BF502080F31188BFF34F8F12
:10B30000BFF36F8F00BF00BFFEE7FEF733FD2E488F
:10B310000068401E2C4908600846006800284ED18D
:10B320002A48006800284AD023E02948C068C46839
:10B3300004F11800FEF7BCFC201DFEF7B9FC2549FE
:10B34000E06A0968884202D92249E06A0860E16A35
:10B3500001EB8101204A02EB8100211DFEF7FEFC7A
:10B360001E49E06A0968C96A884202D301201C4963
:10B3700008601748006808B9012000E00020002894
:10B38000D3D00CB1FEF726FA1648056865B100BFA8
:10B39000FFF718FE10B10120114908606D1E002D45
:10B3A000F6D100200F4908600D48006838B1012629
:10B3B00030070D490860BFF34F8FBFF36F8FFEF763
:10B3C00003FD304670BD0000EC000020C4000020EA
:10B3D0009C100020CC000020140C0020B4000020A1
:10B3E000D8000020D400002004ED00E010B586B0A5
:10B3F0000024FDF74BFE16480068D0B100200590F0
:10B40000049003AA04A905A8FEF772FC0222DDE954
:10B4100004100023CDE9002102900EA10F48039AE9
:10B42000FFF74CFD0E4908600846006800B1012492
:10B4300000BF54B900BF502080F31188BFF34F8F75
:10B44000BFF36F8F00BF00BFFEE7204606B010BD00
:10B45000F8000020546D722053766300199900089B
:10B46000FC0000202DE9FF4704460D4616461F4606
:10B47000DDF830804FF0000954B900BF502080F350
:10B480001188BFF34F8FBFF36F8F00BF00BFFEE780
:10B490001448006810B3009501960294062D15DA41
:10B4A000FFF770FD022808D10023424669460D4887
:10B4B0000068FFF75DF9814610E000231A466946EF
:10B4C00008480068FFF754F9814607E000233A4630
:10B4D000694604480068FFF71FFA8146484604B0F1
:10B4E000BDE8F087F800002000070E091C1B1215AC
:10B4F000383F363124232A2D70777E796C6B626554
:10B50000484F464154535A5DE0E7EEE9FCFBF2F543
:10B51000D8DFD6D1C4C3CACD90979E998C8B828533
:10B52000A8AFA6A1B4B3BABDC7C0C9CEDBDCD5D223
:10B53000FFF8F1F6E3E4EDEAB7B0B9BEABACA5A213
:10B540008F88818693949D9A2720292E3B3C353203
:10B550001F18111603040D0A5750595E4B4C4542F3
:10B560006F68616673747D7A898E878095929B9CE3
:10B57000B1B6BFB8ADAAA3A4F9FEF7F0E5E2EBECD3
:10B58000C1C6CFC8DDDAD3D4696E676075727B7CC3
:10B5900051565F584D4A4344191E171005020B0CB3
:10B5A00021262F283D3A33344E49404752555C5BA3
:10B5B0007671787F6A6D64633E39303722252C2B93
:10B5C0000601080F1A1D1413AEA9A0A7B2B5BCBB83
:10B5D0009691989F8A8D8483DED9D0D7C2C5CCCB73
:10B5E000E6E1E8EFFAFDF4F30000000000000000DF
:10B5F00000000000000000003F40000000000000CC
:10B6000000003000400030004000000009000BC086
:10B610003D000BC03D00090018C024407FE02240DF
:10B6200031800000180024C01B000D8032400180D2
:10B6300003801C4027401C80074000401000600031
:10B6400000000000000000000000000000001F805B
:10B65000204040200000402020401F8000000000CB
:10B66000090006001F800600090000000400040015
:10B670003F80040004000000001000600000000093
:10B6800000000000040004000400040004000000A6
:10B69000000000400000000000000000002001C089
:10B6A00006003800400000001F802040204020405D
:10B6B0001F800000000010403FC00040000000005C
:10B6C00018C0214022402440184000001080204033
:10B6D000244024401B80000002000D0011003FC0E8
:10B6E000014000003C80244024402440238000008E
:10B6F0001F8024402440344003800000300020009C
:10B7000027C03800200000001B8024402440244033
:10B710001B8000001C0022C0224022401F8000002D
:10B7200000000000084000000000000000000000D1
:10B730000460000000000000000004000A00110086
:10B7400020804040090009000900090009000000AC
:10B7500000004040208011000A0004001800200072
:10B7600023402400180000001F802040274029406B
:10B770001F400000004007C039000F0001C000401A
:10B7800020403FC0244024401B8000001F802040F8
:10B79000204020403080000020403FC0204020401A
:10B7A0001F80000020403FC024402E4030C00000D9
:10B7B00020403FC024402E00300000000F001080C9
:10B7C000204022403380020020403FC0040004009B
:10B7D0003FC02040204020403FC02040204000008B
:10B7E0000060202020203FC02000200020403FC0DB
:10B7F00024400B0030C0204020403FC0204000408B
:10B80000004000C03FC03C0003C03C003FC00000FF
:10B8100020403FC00C4023003FC020001F8020403C
:10B82000204020401F80000020403FC024402400D2
:10B83000180000001F802140214020E01FA00000D0
:10B8400020403FC02440260019C0004018C02440BA
:10B850002440224031800000300020403FC0204082
:10B860003000000020003F80004000403F8020006A
:10B8700020003E0001C0070038002000380007C04B
:10B880003C0007C038000000204039C0060039C025
:10B89000204000002000384007C038402000000051
:10B8A000304021C02640384020C000000000000089
:10B8B0007FE0402040200000000070000C0003806A
:10B8C000004000000000402040207FE00000000019
:10B8D00000002000400020000000000000100010C8
:10B8E00000100010001000100000000040000000D8
:10B8F00000000000000002800540054003C0004039
:10B9000020003FC00440044003800000000003808A
:10B91000044004400640000000000380044024402E
:10B920003FC0004000000380054005400340000088
:10B93000000004401FC0244024402000000002E01A
:10B94000055005500650042020403FC0044004002C
:10B9500003C000400000044027C000400000000079
:10B9600000100010041027E00000000020403FC03D
:10B970000140070004C00440204020403FC0004078
:10B980000040000007C0040007C0040003C000001E
:10B99000044007C00440040003C0004000000380CE
:10B9A0000440044003800000041007F004500440E9
:10B9B00003800000000003800440045007F00010E2
:10B9C000044007C0024004000400000000000640DC
:10B9D0000540054004C00000000004001F80044032
:10B9E00000400000040007800040044007C0004001
:10B9F0000400070004C0018006000400060001C026
:10BA0000070001C006000000044006C0010006C097
:10BA1000044000000410071004E001800600040048
:10BA20000000044005C00640044000000000000083
:10BA300004007BE040200000000000000000FFF058
:10BA400000000000000040207BE004000000000037
:10BA50004000800040002000200040000000000066
:10BA600000000000000000000000000000000000D6
:10BA700000001FCC000C00000000000000000800C7
:10BA8000300060000800300060000000022003FC6D
:10BA90001E20022003FC1E200220000000000E18C1
:10BAA00011043FFF10840C78000000000F00108488
:10BAB0000F3800C0077818840078000000780F84E1
:10BAC00010C411240E9800E40084000808006800E7
:10BAD00070000000000000000000000000000000F6
:10BAE000000007E018182004400200000000400297
:10BAF0002004181807E00000000000000240024087
:10BB000001800FF0018002400240000000800080B0
:10BB100000800FF800800080008000000001000D10
:10BB2000000E000000000000000000000000008087
:10BB30000080008000800080008000800000000CF9
:10BB4000000C0000000000000000000000000006E3
:10BB5000001800600180060018002000000007F0B7
:10BB6000080810041004080807F00000000008048A
:10BB700008041FFC000400040000000000000E0C7C
:10BB800010141024104411840E0C000000000C1836
:10BB900010041104110412880C700000000000E071
:10BBA0000320042408241FFC0024000000001F9828
:10BBB000108411041104108810700000000007F0B8
:10BBC00008881104110418880070000000001C008F
:10BBD000100010FC13001C001000000000000E38C4
:10BBE00011441084108411440E3800000000070036
:10BBF000088C10441044088807F000000000000082
:10BC00000000030C030C0000000000000000000016
:10BC1000000101060000000000000000000000809C
:10BC20000140022004100808100400000220022035
:10BC30000220022002200220022000000000100446
:10BC400008080410022001400080000000000E00DF
:10BC50001200100C106C10800F00000003E00C1894
:10BC600013E4142417C4082807D000000004003C83
:10BC700003C41C40074000E4001C000410041FFC27
:10BC80001104110411040E880070000003E00C1868
:10BC900010041004100410081C10000010041FFCF5
:10BCA000100410041004080807F0000010041FFC22
:10BCB0001104110417C410040818000010041FFC1C
:10BCC0001104110017C010000800000003E00C1858
:10BCD0001004100410441C780040000010041FFCE5
:10BCE00010840080008010841FFC100400001004E9
:10BCF00010041FFC100410040000000000030001E9
:10BD0000100110011FFE10001000000010041FFCA5
:10BD1000110403801464181C1004000010041FFC9C
:10BD20001004000400040004000C000010041FFCB8
:10BD30001F0000FC1F001FFC1004000010041FFC6B
:10BD40000C04030000E010181FFC100007F00808A6
:10BD5000100410041004080807F0000010041FFC71
:10BD600010841080108010800F00000007F0081869
:10BD700010241024101C080A07F2000010041FFCF5
:10BD80001104110011C011300E0C000400000E1C33
:10BD900011041084108410441C3800001800100096
:10BDA00010041FFC100410001800000010001FF801
:10BDB00010040004000410041FF8100010001E00FE
:10BDC00011E0001C007013801C0010001FC0103C0C
:10BDD00000E01F0000E0103C1FC000001004180C21
:10BDE000163401C001C01634180C100410001C00D9
:10BDF000130400FC13041C00100000000804101CB5
:10BE00001064108413041C041018000000000000CB
:10BE100000007FFE400240024002000000003000AF
:10BE20000C0003800060001C0003000000004002C2
:10BE3000400240027FFE0000000000000000000001
:10BE400020004000400040002000000000010001F0
:10BE5000000100010001000100010001000040009C
:10BE600040002000000000000000000000000098DA
:10BE7000012401440144014400FC000410001FFCA3
:10BE800000880104010400880070000000000070B8
:10BE90000088010401040104008800000000007013
:10BEA00000880104010411081FFC0004000000F8D0
:10BEB000014401440144014400C8000000000104A1
:10BEC00001040FFC1104110411001800000000D639
:10BED00001290129012901C90106000010041FFCE4
:10BEE000008401000100010400FC000400000104C2
:10BEF000190419FC00040004000000000000000305
:10BF000000010101190119FE0000000010041FFCCE
:10BF10000024004001B4010C0104000000001004E2
:10BF200010041FFC0004000400000000010401FCD8
:10BF30000104010001FC0104010000FC010401FCFA
:10BF4000008401000100010400FC0004000000F86E
:10BF5000010401040104010400F80000010101FFD3
:10BF600000850104010400880070000000000070DA
:10BF7000008801040104010501FF0001010401041E
:10BF800001FC00840104010001800000000000CCDD
:10BF90000124012401240124019800000000010073
:10BFA000010007F80104010400000000010001F88D
:10BFB000000400040004010801FC000401000180E9
:10BFC0000170000C001001600180010001F0010C03
:10BFD000003001C00030010C01F00100000001043C
:10BFE000018C00740170018C0104000001010181C9
:10BFF0000171000E00180160018001000000018441
:10C00000010C013401440184010C00000000000017
:10C010000000000001003EFC400240020000000061
:10C0200000000000FFFF00000000000000004002D0
:10C0300040023EFC01000000000000000000600023
:10C040008000800040004000200020000000000030
:10C0500000000000000000000000000000000000E0
:10C0600000000000000000000000000000000000D0
:10C070000000000000000000000000000000000FB1
:10C0800080380FFE380F80380000000000000000EC
:10C090000000000000000000000001000006000099
:10C0A0000C00003800003100000600000C000038D1
:10C0B0000000300000000000000000006180006708
:10C0C000F807F98000618000618000618000618074
:10C0D0000067F807F98000618000000000000000A0
:10C0E000000001C0E003E0F00630080418081FFF5C
:10C0F000FE040E080787F00381E000000000000046
:10C1000001F000060C00040408060C7001F9C000E0
:10C110000E00003BE000EC18070808040C180003B0
:10C12000E00000000001E00007F003F818041C081C
:10C1300004170807E1D003C0E00023B0003C08006A
:10C140002008000010000000000000010000310085
:10C15000003200001C000000000000000000000091
:10C1600000000000000000000000000000000000CF
:10C170000000000000000000000000007F0001FF40
:10C18000C00780F00C00181000042000020000001E
:10C190000000002000021000040C00180780F001CD
:10C1A000FFC0007F00000000000000000000000051
:10C1B0000000000000000000420000660000660071
:10C1C000003C0000180003FFC0001800003C000005
:10C1D0006600006600004200000000000800000841
:10C1E0000000080000080000080001FFC00008006F
:10C1F000000800000800000800000800000000001F
:10C20000000100003100003200001C0000000000AE
:10C21000000000000000000000000000000000001E
:10C2200000000000080000080000080000080000EE
:10C2300008000008000008000008000008000008CE
:10C24000000000000000000000000000380000387E
:10C2500000003800000000000000000000000000A6
:10C2600000000000000000000000000000060000C8
:10C270001C000070000180000E0000380000C000AB
:10C280000700001C0000300000000000000000005B
:10C290007F8001FFE003807006001804000804009E
:10C2A0000806001803807001FFE0007F8000000096
:10C2B0000000000000000100080100080100080360
:10C2C000FFF807FFF8000008000008000008000061
:10C2D0000000000000000001C03802C058040098AF
:10C2E000040118040218040418061C1803F81801A5
:10C2F000E0F800000000000000000001C0E003C002
:10C30000F004000804080804080806180803F418D4
:10C3100001E7F00001E00000000000000000000064
:10C320000300000D000011000061000081080301FE
:10C330000807FFF80FFFF8000108000108000000DF
:10C340000000000000E007FCD00608080610080600
:10C350001008061008061838060FF00607C000007F
:10C3600000000000000000003F8001FFE003843077
:10C370000208180410080410080410080718100315
:10C380000FF00007C000000000000000000003C024
:10C39000000700000600000600F80607F80618006F
:10C3A00006E0000700000600000000000000000199
:10C3B000E1E003F7F0063410041808041808040C30
:10C3C00008040C0806161803F3F001C1E000000091
:10C3D00000000000F80003FC3003063804020804E3
:10C3E00002080402080404100308F001FFC0007FE3
:10C3F000000000000000000000000000000000003D
:10C400000000000070380070380070380000000034
:10C41000000000000000000000000000000000001C
:10C420000000000000000000301A00301C00000076
:10C4300000000000000000000000000000000000FC
:10C4400000000008000014000022000041000080ED
:10C4500080010040020020040010080008000000D5
:10C460000000000021000021000021000021000048
:10C4700021000021000021000021000021000021F6
:10C480000000000000000000000008000804001088
:10C4900002002001004000808000410000220000D6
:10C4A000140000080000000000000003C00004C0E9
:10C4B00000040000080038080F3808083808100089
:10C4C0000C300007E00003C0000000000000000086
:10C4D0003F8000FFE0038070020F1006708804C0E8
:10C4E00088048308047F8802C09003012000FE4076
:10C4F0000000080000180001F8003E0801C2000713
:10C50000020007E20000FE00001FC80001F8000062
:10C510003800000804000807FFF807FFF8040808BF
:10C5200004080804080804080806180803F4180199
:10C53000E7F00001E0000000000000003F8001FF84
:10C54000E0038070020018040008040008040008DA
:10C550000400100600200780C00000000400080747
:10C56000FFF807FFF80400080400080400080400AE
:10C570001802001003807001FFE0007F80000000BF
:10C5800004000807FFF807FFF80408080408080477
:10C590000808040808043E08040008060018010002
:10C5A0006000000004000807FFF807FFF80408080F
:10C5B000040800040800040800043E000600000609
:10C5C0000000018000000000000000003F8001FF2B
:10C5D000E003807006001804000804020804020842
:10C5E0000203F00783F000020000020004000807C5
:10C5F000FFF807FFF804080800080000080000081A
:10C600000000080004080807FFF807FFF804000806
:10C6100000000000000004000804000804000807EF
:10C62000FFF807FFF80400080400080400080000F1
:10C6300000000000000000000006000007000001EC
:10C6400004000104000104000307FFFE07FFFC04CF
:10C65000000004000004000004000807FFF807FFC2
:10C66000F8040C08001800003E0004C7800503C849
:10C670000600F80400380400180000080400080749
:10C68000FFF807FFF8040008000008000008000099
:10C69000080000080000080000180000600000000A
:10C6A00004000807FFF807800807FC00007FC000AF
:10C6B00003F80007C000780007800807FFF807FFAD
:10C6C000F804000804000807FFF807000803C0008A
:10C6D00000E000003800001E000007000001C00458
:10C6E00000F007FFF8040000000000007F8001FF59
:10C6F000E003807006001804000804000806001813
:10C7000003003001FFE0007F800000000400080704
:10C71000FFF807FFF80404080404000404000404FC
:10C7200000040400060C0003F80001F00000000003
:10C73000000000007F8001FFE00380700600880495
:10C7400000880400C806003C03003E01FFE6007FAD
:10C750008400000004000807FFF807FFF804080839
:10C76000040800040C00040F00040BC00610F003C2
:10C77000F03801E00800000800000001E0F803F0D4
:10C7800030063010041808041808040C08040C08BB
:10C790000206180207F00781E00000000180000691
:10C7A000000004000004000004000807FFF807FF71
:10C7B000F8040008040000040000060000018000E6
:10C7C00004000007FFE007FFF00400180000080065
:10C7D000000800000800000800000804001007FF1F
:10C7E000E004000004000006000007E00007FE006F
:10C7F000041FE00001F80000380001E0043E0007DB
:10C80000C00006000004000004000007E00007FF6D
:10C81000C0041FF80007C007F80007FF80043FF8B6
:10C820000007C004F8000700000400000000000436
:10C83000000806001807C07805F1C8003E00001F78
:10C84000800463E80780F806001804000800000070
:10C8500004000006000007800007E008047C0800D0
:10C860001FF80007F800180804E008070000060099
:10C87000000400000000000100080600380400F871
:10C880000403E8040F08047C0805F00807C0080743
:10C89000001804006000000000000000000000001C
:10C8A000000000000000003FFFFE20000220000208
:10C8B0002000022000022000020000000000000012
:10C8C000000008000007000000C00000380000065B
:10C8D000000001C000003000000E00000100000058
:10C8E00000000000000020000220000220000220C2
:10C8F00000022000023FFFFE0000000000000000D8
:10C90000000000000000000000000000000800001F
:10C91000100000300000200000300000100000086F
:10C920000000000000000000000001000001000005
:10C9300001000001000001000001000001000001F1
:10C9400000000100000100000100000100000000E3
:10C950000000000000200000200000100000100077
:10C9600000000000000000000000000000000000C7
:10C970000000000000F00019F8001B180022080059
:10C980002608002408002410003FF8001FF80000CB
:10C990000800001800000004000007FFF80FFFF077
:10C9A00000181800100800200800200800301800A7
:10C9B0001FF0000FC00000000000000007C0001FB3
:10C9C000F0001830002008002008002008003C0873
:10C9D000001C1000006000000000000000000000CB
:10C9E00007C0001FF00038180020080020080020B1
:10C9F0000804101007FFF80FFFF0000010000000FF
:10CA00000000000000000007C0001FF0001230000E
:10CA10002218002208002208003208001E10000E12
:10CA20002000000000000000200000200800200876
:10CA300001FFF803FFF80620080420080420080777
:10CA4000200003000000000000000000000E000EA7
:10CA50006E001FF30031B10020B10020B100319110
:10CA6000001F13002E1E00200E00300000000004E6
:10CA7000000807FFF80FFFF8001008002000002052
:10CA800000002008003FF8001FF800000800000028
:10CA90000000000000000020080020080020080618
:10CAA0003FF8063FF80000080000080000080000FA
:10CAB0000000000000000000000000000300000370
:10CAC000002001002001002003063FFE063FFC007D
:10CAD000000000000000000000000004000807FF44
:10CAE000F80FFFF8000188000300002FC00038F89D
:10CAF00000203800200800000800000000000000AE
:10CB0000000004000804000804000807FFF80FFFF5
:10CB1000F800000800000800000800000000000005
:10CB2000002008003FF8003FF80010080020000037
:10CB30003FF8003FF8001008002000003FF8003FD9
:10CB4000F8000008000000002008003FF8003FF84F
:10CB5000001008001000002000002008003FF8002E
:10CB60001FF80000080000000000000007C0000FD0
:10CB7000F0001830003008002008002008003008BD
:10CB8000001830000FF00007C00000000000000097
:10CB90002001003FFF003FFF00101100200900208E
:10CBA00008002008003038001FF0000FC00000000F
:10CBB0000000000007C0001FF00038180020080027
:10CBC0002008002009001011001FFF003FFF000097
:10CBD00001000000002008002008002008003FF8A5
:10CBE000003FF8000808001008002008002000009E
:10CBF0003000003000000000000000000000000CC9
:10CC000078001E180033080023080021080021883E
:10CC10000021980030F000386000000000000000A3
:10CC2000200000200000200000FFF003FFF800209B
:10CC3000080020080020080000300000000000006C
:10CC4000000000002000003FF0007FF80000180006
:10CC50000008000008002010003FF8007FF00000EE
:10CC600010000000000000002000003000003C0028
:10CC7000003F800023F00000780000700023800057
:10CC80003C00003000002000002000003C00003F7D
:10CC9000E00023F80000E0002700003E00003FE035
:10CCA0000021F80001E0003E00002000000000002C
:10CCB0002008002008003838003E68002780000364
:10CCC000C8002CF8003838002018002008000000A8
:10CCD000000000002000003003003C01003F830002
:10CCE00023EC000070002380003C000020000020A6
:10CCF000000000000000000000000038080020389C
:10CD00000020F80023E8002F88003E0800380800C3
:10CD1000201800007000000000000000000000006B
:10CD2000000000000000000008000014001FF7FCD5
:10CD3000300006200002000000000000000000009B
:10CD40000000000000000000000000000000FFFFE5
:10CD5000FF000000000000000000000000000000D4
:10CD60000000000000002000023000061FF7FC0059
:10CD70001400000800000000000000000000000097
:10CD800000000000000000180000600000400000EB
:10CD90004000002000001000000800000400000413
:10CDA00000000C0000100000014200000000000024
:10CDB00000000000BCCF00080000000000000000E0
:10CDC0000000000000000000000200000800000059
:10CDD0000000000000000000A8CF000800000000D4
:10CDE000000000000000000000000000000400003F
:10CDF0001F0000000000000000000000B4CF000889
:10CE00000000000000000000000000000000000022
:10CE1000000400001F0000000000000000000000EF
:10CE200070CF0008000000000000000000000000BB
:10CE300000000000001000001E00000000000000C4
:10CE40000000000078CF0008000000000000000093
:10CE50000000000000000000000200001F000000B1
:10CE60000000000000000000C8CF00080000000023
:10CE700000000000000000000000000000100000A2
:10CE80001E000000000000000000000064CF000849
:10CE90000000000000000000000000000000000092
:10CEA000000800001E00000000000000000000005C
:10CEB0005CCF00080000000000000000000000003F
:10CEC00000000000000800001F000000000000003B
:10CED0000000000098CF00080000000000000000E3
:10CEE0000000000000000000000200000800000038
:10CEF000000000000000000088CF000800000000D3
:10CF0000000000000000000000000000000200001F
:10CF1000080000000000000000000000D4CF00085E
:10CF2000000000000000000000000000F0CF00083A
:10CF300000000000000000000000000000061016C5
:10CF400000061016000000000000000001020304AB
:10CF50000607080900000000010203045053325480
:10CF600061736B004F4C45445461736B00000000CB
:10CF7000494D555461736B004C4544466C61736870
:10CF8000696E675461736B00457853656E736F7299
:10CF90005461736B000000004163747561746F72BB
:10CFA0005461736B000000004D6F746F72546173B5
:10CFB0006B00000042745461736B0000646566612D
:10CFC000756C745461736B00485450436F6D7554A5
:10CFD00061736B00676C6F62616C5F73656E736F1A
:10CFE000725F646174615F6D757465780000000044
:10CFF00073706565645F6D75746578001CD000089A
:10D000000000002038010000320800082CD0000881
:10D0100038010020709B0000F07F0008018C021B8B
:0CD02000016A1020037524F41AAA01C153
:040000050800018965
:00000001FF
